Compound_ID	AD	f_0	f_1	f_2	f_3	f_4	f_5	f_6	f_7	f_8	f_9	f_10	f_11	f_12	f_13	f_14	f_15	f_16	f_17	f_18	f_19	f_20	f_21	f_22	f_23	f_24	f_25	f_26	f_27	f_28	f_29	f_30	f_31	f_32	f_33	f_34	f_35	f_36	f_37	f_38	f_39	f_40	f_41	f_42	f_43	f_44	f_45	f_46	f_47	f_48	f_49	f_50	f_51	f_52	f_53	f_54	f_55	f_56	f_57	f_58	f_59	f_60	f_61	f_62	f_63	f_64	f_65	f_66	f_67	f_68	f_69	f_70	f_71	f_72	f_73	f_74	f_75	f_76	f_77	f_78	f_79	f_80	f_81	f_82	f_83	f_84	f_85	f_86	f_87	f_88	f_89	f_90	f_91	f_92	f_93	f_94	f_95	f_96	f_97	f_98	f_99	f_100	f_101	f_102	f_103	f_104	f_105	f_106	f_107	f_108	f_109	f_110	f_111	f_112	f_113	f_114	f_115	f_116	f_117	f_118	f_119	f_120	f_121	f_122	f_123	f_124	f_125	f_126	f_127	f_128	f_129	f_130	f_131	f_132	f_133	f_134	f_135	f_136	f_137	f_138	f_139	f_140	f_141	f_142	f_143	f_144	f_145	f_146	f_147	f_148	f_149	f_150	f_151	f_152	f_153	f_154	f_155	f_156	f_157	f_158	f_159	f_160	f_161	f_162	f_163	f_164	f_165	f_166	f_167	f_168	f_169	f_170	f_171	f_172	f_173	f_174	f_175	f_176	f_177	f_178	f_179	f_180	f_181	f_182	f_183	f_184	f_185	f_186	f_187	f_188	f_189	f_190	f_191	f_192	f_193	f_194	f_195	f_196	f_197	f_198	f_199	f_200	f_201	f_202	f_203	f_204	f_205	f_206	f_207	f_208	f_209	f_210	f_211	f_212	f_213	f_214	f_215	f_216	f_217	f_218	f_219	f_220	f_221	f_222	f_223	f_224	f_225	f_226	f_227	f_228	f_229	f_230	f_231	f_232	f_233	f_234	f_235	f_236	f_237	f_238	f_239	f_240	f_241	f_242	f_243	f_244	f_245	f_246	f_247	f_248	f_249	f_250	f_251	f_252	f_253	f_254	f_255
CHEMBL520828	1	80.0	0.0	0.0	80.0	0.0	0.0	80.0	0.0	0.0	0.0	0.0	0.0	80.0	80.0	80.0	80.0	0.0	0.0	0.0	0.0	0.0	0.0	0.0	0.0	80.0	0.0	0.0	0.0	0.0	0.0	0.0	0.0	0.0	0.0	0.0	0.0	1.0	0.0	0.0	0.0	0.0	80.0	80.0	0.0	80.0	0.0	0.0	0.0	80.0	80.0	0.0	0.0	0.0	0.0	0.0	80.0	0.0	0.0	0.0	0.0	0.0	0.0	80.0	1.0	0.0	80.0	80.0	0.0	0.0	0.0	0.0	0.0	0.0	80.0	1.3333333333333333	80.0	0.0	80.0	0.0	0.0	0.0	0.0	0.0	0.0	0.0	0.0	0.0	80.0	80.0	80.0	1.0	0.0	0.0	0.0	0.0	0.0	80.0	80.0	0.0	0.0	0.0	0.0	0.0	0.0	0.0	0.0	1.0	1.0	0.0	0.0	0.0	0.0	0.0	0.0	0.0	80.0	0.0	80.0	0.0	1.3333333333333333	0.0	0.0	0.0	0.0	80.0	1.0	0.0	0.0	0.5	0.0	0.0	0.0	0.0	0.0	0.0	0.0	1.0	0.0	0.0	0.0	0.0	0.0	0.0	0.0	0.0	80.0	0.0	1.0	0.0	80.0	0.0	0.0	0.0	0.0	1.3333333333333333	0.0	80.0	0.0	-1.0	0.0	80.0	80.0	0.0	0.0	0.0	80.0	0.0	-1.0	0.0	0.0	0.0	0.0	0.0	0.0	0.0	0.0	0.0	1.0	80.0	0.0	0.0	0.0	1.0	1.0	80.0	0.0	1.0	1.3333333333333333	1.0	0.0	0.0	80.0	80.0	0.0	80.0	0.0	1.3333333333333333	0.0	0.0	0.0	1.0	0.0	0.0	0.0	0.0	0.0	80.0	0.0	0.0	0.0	0.0	0.0	0.0	0.0	0.0	80.0	80.0	0.0	0.0	0.0	0.0	0.0	80.0	0.0	0.0	0.0	0.0	0.0	80.0	0.0	80.0	0.0	0.0	0.0	80.0	0.0	0.0	0.0	0.0	0.0	0.0	0.0	0.0	0.0	0.0	80.0	0.0	0.0	0.0	0.0	0.0	0.0	80.0	0.0	0.0	1.0
CHEMBL575741	1	0.0	0.0	0.0	0.0	1.0	0.0	0.0	0.0	0.0	0.0	0.0	0.0	0.0	0.0	0.0	0.0	0.0	80.0	0.0	80.0	0.0	0.0	0.0	0.0	0.0	0.0	0.0	0.0	80.0	0.0	80.0	0.0	0.0	-80.0	0.0	0.0	1.0	0.0	0.0	-1.0	0.0	0.0	0.0	0.0	0.0	0.0	80.0	0.0	0.0	80.0	80.0	0.0	0.0	80.0	0.0	0.0	0.0	0.0	0.0	0.0	0.0	0.0	0.0	1.0	1.0	0.0	80.0	80.0	0.0	0.0	0.0	0.0	0.0	0.0	1.3333333333333333	0.0	0.0	0.0	0.0	0.0	-1.0	0.0	0.0	0.0	0.0	0.0	0.0	0.0	0.0	0.0	1.0	0.0	0.0	0.0	1.3333333333333333	0.0	0.0	80.0	80.0	0.0	0.0	0.0	0.0	0.0	80.0	0.0	0.0	0.0	0.0	0.0	0.0	0.0	0.0	0.0	0.0	0.0	80.0	0.0	80.0	0.0	0.0	0.0	0.0	80.0	0.0	1.0	0.0	80.0	0.5	0.0	0.0	0.0	80.0	0.0	0.0	0.0	0.0	0.0	-1.0	0.0	1.3333333333333333	0.0	0.0	0.0	0.0	0.0	0.0	0.0	0.0	0.0	0.0	80.0	0.0	0.0	0.0	80.0	0.0	0.0	0.0	0.0	80.0	0.0	0.0	0.0	0.0	0.0	0.0	0.0	0.0	0.0	80.0	0.0	1.0	0.0	0.0	1.0	0.0	0.0	0.0	0.0	0.0	0.0	1.0	0.0	80.0	0.0	0.0	1.3333333333333333	0.0	80.0	0.0	80.0	0.0	0.0	0.0	0.0	0.0	0.0	0.0	0.0	1.0	0.0	0.0	0.0	80.0	0.0	0.0	0.0	0.0	0.0	0.0	0.0	80.0	0.0	0.0	0.0	0.0	0.0	0.0	0.0	0.0	0.0	0.0	0.0	0.0	0.0	0.0	0.0	80.0	0.0	0.0	80.0	80.0	0.0	0.0	80.0	80.0	0.0	0.0	0.0	80.0	0.0	0.0	0.0	80.0	80.0	0.0	0.0	80.0	80.0	0.0	0.0	0.0	0.0	0.0	0.0
CHEMBL1078929	1	0.0	1.0	80.0	0.0	1.0	80.0	80.0	0.0	0.0	0.0	0.0	0.0	0.0	0.0	80.0	0.0	0.0	0.0	80.0	0.0	0.0	0.0	0.0	0.0	0.0	0.0	0.0	0.0	0.0	1.0	80.0	0.0	0.0	0.0	0.0	0.0	0.0	0.0	0.0	-1.0	0.0	0.0	0.0	0.0	0.0	1.0	0.0	0.0	0.0	0.0	0.0	0.0	0.0	80.0	0.0	0.0	0.0	0.0	0.0	0.0	0.0	0.0	0.0	1.0	1.0	0.0	0.0	80.0	80.0	80.0	0.0	0.0	0.0	80.0	0.0	80.0	0.0	0.0	80.0	0.0	-1.0	0.0	0.0	0.0	0.0	0.0	0.0	0.0	0.0	0.0	0.0	0.0	0.0	0.0	0.0	0.0	0.0	0.0	0.0	0.0	0.0	80.0	80.0	0.0	0.0	0.0	0.0	0.0	0.0	0.0	0.0	0.0	0.0	0.0	1.0	0.0	0.0	0.0	80.0	0.0	0.0	0.0	0.0	0.0	80.0	0.0	0.0	80.0	-0.5	0.0	0.0	80.0	0.0	0.0	0.0	0.0	0.0	0.0	-1.0	0.0	1.3333333333333333	0.0	0.0	0.0	1.0	0.0	0.0	1.0	0.0	0.0	0.0	0.0	0.0	0.0	0.0	80.0	0.0	80.0	0.0	0.0	0.0	0.0	80.0	0.0	0.0	0.0	0.0	0.0	0.0	0.0	0.0	0.0	0.0	0.0	0.0	1.0	0.0	1.0	0.0	80.0	0.0	0.0	0.0	0.0	0.0	0.0	1.0	0.0	0.0	0.0	80.0	0.0	80.0	1.0	0.0	0.0	0.0	0.0	0.0	0.0	0.0	80.0	0.0	0.0	0.0	0.0	0.0	0.0	0.0	0.0	0.0	0.0	0.0	0.0	0.0	0.0	0.0	0.0	0.0	0.0	0.0	0.0	0.0	0.0	0.0	0.0	80.0	0.0	0.0	0.0	0.0	80.0	0.0	0.0	0.0	0.0	0.0	0.0	0.0	0.0	0.0	0.0	0.0	0.0	80.0	0.0	0.0	0.0	0.0	0.0	0.0	0.0	0.0	0.0	80.0	0.0
CHEMBL483396	1	80.0	0.0	0.0	0.0	0.0	0.0	80.0	0.0	0.0	0.0	0.0	80.0	80.0	0.0	0.0	0.0	0.0	0.0	0.0	0.0	0.0	0.0	0.0	0.0	80.0	0.0	0.0	0.0	0.0	0.0	0.0	0.0	0.0	0.0	0.0	0.0	1.0	0.0	0.0	0.0	0.0	80.0	0.0	0.0	80.0	0.0	0.0	80.0	0.0	0.0	80.0	0.0	0.0	0.0	0.0	80.0	0.0	0.0	0.0	0.0	0.0	0.0	80.0	1.0	0.0	0.0	0.0	80.0	0.0	0.0	0.0	0.0	0.0	80.0	1.3333333333333333	80.0	0.0	0.0	0.0	0.0	0.0	0.0	0.0	0.0	0.0	80.0	0.0	80.0	80.0	0.0	1.0	0.0	0.0	0.0	0.0	0.0	80.0	80.0	0.0	0.0	0.0	80.0	0.0	0.0	80.0	0.0	1.0	1.0	80.0	0.0	0.0	0.0	0.0	0.0	0.0	80.0	0.0	0.0	0.0	1.3333333333333333	0.0	0.0	0.0	0.0	80.0	1.0	0.0	0.0	0.5	0.0	80.0	0.0	0.0	80.0	80.0	0.0	1.0	0.0	0.0	0.0	0.0	0.0	0.0	0.0	0.0	80.0	0.0	1.0	0.0	80.0	0.0	0.0	0.0	80.0	0.0	0.0	80.0	0.0	-1.0	0.0	0.0	0.0	0.0	0.0	80.0	0.0	0.0	-1.0	80.0	0.0	0.0	0.0	1.0	0.0	0.0	0.0	0.0	0.0	80.0	0.0	0.0	80.0	0.0	1.0	80.0	0.0	1.0	1.3333333333333333	0.0	80.0	0.0	80.0	80.0	1.0	80.0	0.0	1.3333333333333333	0.0	0.0	0.0	0.0	0.0	0.0	0.0	0.0	0.0	0.0	0.0	0.0	0.0	0.0	0.0	80.0	0.0	0.0	0.0	0.0	80.0	0.0	0.0	0.0	0.0	80.0	0.0	0.0	80.0	0.0	0.0	80.0	80.0	80.0	0.0	0.0	0.0	80.0	0.0	0.0	0.0	0.0	0.0	0.0	80.0	0.0	0.0	0.0	80.0	0.0	0.0	0.0	0.0	0.0	0.0	80.0	0.0	0.0	1.0
CHEMBL575798	1	0.0	0.0	0.0	0.0	0.0	0.0	0.0	0.0	0.0	0.0	0.0	0.0	0.0	0.0	0.0	0.0	0.0	0.0	0.0	80.0	0.0	80.0	0.0	0.0	0.0	0.0	0.0	0.0	80.0	0.0	0.0	0.0	80.0	-80.0	0.0	0.0	1.0	80.0	0.0	-1.0	0.0	0.0	80.0	0.0	0.0	0.0	80.0	0.0	0.0	80.0	80.0	0.0	0.0	80.0	0.0	0.0	0.0	0.0	0.0	0.0	0.0	80.0	0.0	1.0	1.0	0.0	0.0	80.0	0.0	0.0	0.0	0.0	0.0	0.0	1.3333333333333333	0.0	0.0	0.0	0.0	0.0	0.0	0.0	0.0	0.0	0.0	0.0	0.0	0.0	0.0	0.0	1.0	0.0	0.0	80.0	1.3333333333333333	0.0	0.0	0.0	0.0	0.0	0.0	0.0	0.0	0.0	80.0	0.0	0.0	0.0	0.0	0.0	0.0	0.0	0.0	0.0	0.0	0.0	0.0	0.0	80.0	0.0	0.0	0.0	0.0	80.0	0.0	1.0	0.0	80.0	0.5	0.0	0.0	0.0	80.0	80.0	0.0	0.0	1.0	0.0	-1.0	80.0	0.0	0.0	0.0	0.0	1.0	0.0	0.0	0.0	0.0	0.0	0.0	80.0	0.0	0.0	0.0	80.0	0.0	0.0	0.0	0.0	80.0	0.0	0.0	0.0	0.0	0.0	0.0	0.0	0.0	80.0	80.0	0.0	1.0	0.0	0.0	1.0	0.0	0.0	0.0	0.0	0.0	0.0	0.0	0.0	80.0	0.0	0.0	1.3333333333333333	0.0	0.0	0.0	80.0	0.0	0.0	0.0	0.0	0.0	0.0	0.0	0.0	1.0	0.0	0.0	0.0	0.0	0.0	0.0	0.0	0.0	0.0	0.0	0.0	0.0	0.0	0.0	0.0	0.0	0.0	1.0	80.0	0.0	80.0	0.0	0.0	0.0	0.0	0.0	80.0	80.0	0.0	0.0	0.0	80.0	0.0	0.0	80.0	80.0	0.0	0.0	1.3333333333333333	0.0	0.0	0.0	0.0	80.0	0.0	0.0	0.0	80.0	80.0	0.0	-1.0	0.0	0.0	0.0	0.0
CHEMBL1078930	1	0.0	0.0	0.0	0.0	0.0	80.0	80.0	0.0	0.0	0.0	0.0	0.0	0.0	0.0	0.0	0.0	0.0	0.0	80.0	0.0	0.0	0.0	0.0	0.0	0.0	0.0	0.0	0.0	0.0	1.0	0.0	0.0	0.0	0.0	80.0	0.0	0.0	0.0	0.0	-1.0	0.0	0.0	0.0	0.0	0.0	1.0	0.0	80.0	0.0	0.0	0.0	0.0	0.0	80.0	0.0	0.0	80.0	0.0	0.0	0.0	0.0	0.0	0.0	1.0	1.0	0.0	0.0	80.0	80.0	80.0	0.0	0.0	0.0	80.0	0.0	80.0	0.0	0.0	0.0	0.0	0.0	0.0	0.0	0.0	80.0	0.0	0.0	0.0	0.0	0.0	0.0	0.0	0.0	0.0	0.0	0.0	0.0	0.0	80.0	0.0	0.0	80.0	80.0	0.0	0.0	0.0	1.0	0.0	80.0	0.0	0.0	0.0	0.0	0.0	0.0	0.0	0.0	0.0	0.0	0.0	80.0	0.0	0.0	80.0	0.0	0.0	0.0	80.0	-0.5	0.0	0.0	0.0	0.0	0.0	0.0	80.0	0.0	0.0	-1.0	0.0	1.3333333333333333	0.0	0.0	0.0	1.0	0.0	0.0	1.0	0.0	0.0	0.0	0.0	0.0	0.0	0.0	80.0	0.0	0.0	0.0	0.0	80.0	0.0	0.0	0.0	0.0	0.0	0.0	0.0	0.0	0.0	0.0	0.0	0.0	0.0	0.0	1.0	0.0	1.0	0.0	80.0	0.0	0.0	0.0	0.0	0.0	0.0	1.0	0.0	0.0	0.0	0.0	0.0	0.0	1.0	0.0	80.0	0.0	0.0	0.0	0.0	0.0	0.0	0.0	0.0	0.0	0.0	0.0	0.0	0.0	0.0	0.0	0.0	0.0	0.0	0.0	0.0	0.0	0.0	0.0	0.0	0.0	0.0	0.0	0.0	0.0	80.0	80.0	0.0	0.0	0.0	0.0	80.0	0.0	0.0	80.0	0.0	0.0	0.0	0.0	0.0	0.0	0.0	0.0	0.0	0.0	0.0	0.0	0.0	0.0	0.0	0.0	0.0	0.0	0.0	0.0	0.0
CHEMBL494088	1	80.0	0.0	0.0	0.0	0.0	0.0	80.0	0.0	0.0	0.0	0.0	0.0	0.0	80.0	0.0	0.0	0.0	80.0	80.0	0.0	80.0	0.0	0.0	0.0	0.0	0.0	0.0	80.0	80.0	1.0	0.0	0.0	0.0	0.0	80.0	0.0	0.0	0.0	1.0	0.0	0.0	0.0	80.0	0.0	0.0	1.0	0.0	0.0	0.0	80.0	0.0	0.0	80.0	0.0	0.0	0.0	0.0	0.0	0.0	0.0	0.0	0.0	0.0	1.0	0.0	0.0	0.0	80.0	0.0	0.0	0.0	0.0	0.0	80.0	0.0	80.0	0.0	80.0	0.0	80.0	0.0	0.0	80.0	0.0	0.0	0.0	80.0	0.0	0.0	0.0	1.0	0.0	80.0	0.0	0.0	0.0	0.0	0.0	0.0	0.0	0.0	0.0	80.0	0.0	0.0	0.0	0.0	0.0	80.0	0.0	0.0	0.0	80.0	0.0	1.0	0.0	80.0	0.0	0.0	0.0	0.0	0.0	0.0	80.0	0.0	0.0	0.0	0.0	-0.5	0.0	0.0	0.0	0.0	80.0	0.0	0.0	1.0	80.0	-1.0	0.0	0.0	0.0	0.0	0.0	1.0	80.0	0.0	1.0	0.0	0.0	0.0	0.0	0.0	0.0	0.0	80.0	0.0	0.0	0.0	0.0	80.0	0.0	80.0	0.0	0.0	0.0	0.0	0.0	80.0	80.0	0.0	0.0	1.0	80.0	80.0	0.0	0.0	1.0	80.0	80.0	0.0	0.0	0.0	1.0	0.0	0.0	1.0	0.0	1.0	80.0	0.0	0.0	0.0	1.0	0.0	0.0	0.0	80.0	80.0	1.0	0.0	0.0	0.0	80.0	0.0	0.0	0.0	0.0	0.0	0.0	0.0	0.0	0.0	0.0	0.0	0.0	0.0	0.0	1.0	0.0	0.0	0.0	0.0	0.0	80.0	0.0	80.0	0.0	0.0	0.0	0.0	80.0	0.0	0.0	80.0	0.0	0.0	0.0	0.0	0.0	0.0	0.0	0.0	0.0	0.0	0.0	80.0	0.0	0.0	0.0	0.0	0.0	0.0	0.0	0.0	1.0
CHEMBL450487	1	0.0	0.0	0.0	0.0	0.0	0.0	80.0	0.0	0.0	0.0	0.0	0.0	0.0	80.0	0.0	0.0	0.0	0.0	80.0	0.0	80.0	0.0	0.0	0.0	0.0	0.0	0.0	80.0	0.0	1.0	0.0	0.0	0.0	0.0	80.0	0.0	0.0	0.0	1.0	-1.0	80.0	0.0	0.0	0.0	0.0	0.0	0.0	0.0	80.0	0.0	0.0	0.0	0.0	0.0	0.0	80.0	80.0	0.0	0.0	0.0	0.0	0.0	0.0	1.0	1.0	0.0	0.0	80.0	0.0	0.0	0.0	0.0	80.0	80.0	0.0	80.0	0.0	0.0	0.0	0.0	0.0	0.0	80.0	0.0	0.0	0.0	0.0	80.0	0.0	80.0	1.0	0.0	0.0	0.0	0.0	80.0	0.0	80.0	0.0	0.0	0.0	0.0	80.0	0.0	0.0	0.0	0.0	0.0	0.0	0.0	0.0	0.0	0.0	0.0	0.0	0.0	0.0	0.0	0.0	1.3333333333333333	0.0	0.0	0.0	80.0	0.0	0.0	80.0	0.0	-0.5	0.0	0.0	0.0	0.0	0.0	0.0	80.0	1.0	80.0	-1.0	0.0	0.0	0.0	0.0	80.0	1.0	80.0	0.0	1.0	0.0	0.0	0.0	0.0	0.0	0.0	0.0	80.0	0.0	0.0	-1.0	80.0	80.0	0.0	0.0	0.0	0.0	80.0	0.0	0.0	0.0	0.0	0.0	0.0	1.0	80.0	0.0	0.0	0.0	1.0	80.0	80.0	0.0	0.0	0.0	1.0	0.0	0.0	1.0	0.0	1.0	0.0	0.0	0.0	0.0	1.0	0.0	0.0	1.3333333333333333	0.0	0.0	0.0	1.0	0.0	0.0	80.0	0.0	0.0	0.0	0.0	0.0	0.0	0.0	0.0	0.0	80.0	0.0	0.0	0.0	80.0	0.0	0.0	0.0	0.0	0.0	0.0	0.0	0.0	80.0	0.0	0.0	0.0	0.0	80.0	0.0	0.0	0.0	0.0	0.0	80.0	80.0	0.0	0.0	0.0	0.0	0.0	0.0	0.0	0.0	0.0	0.0	0.0	0.0	-1.0	0.0	0.0	0.0	1.0
CHEMBL599162	1	0.0	1.0	80.0	0.0	1.0	80.0	0.0	0.0	0.0	0.0	80.0	0.0	0.0	0.0	0.0	0.0	0.0	0.0	0.0	80.0	0.0	0.0	0.0	0.0	0.0	0.0	0.0	0.0	0.0	1.0	0.0	0.0	80.0	-80.0	0.0	0.0	0.0	0.0	1.0	-1.0	80.0	0.0	0.0	0.0	0.0	1.0	0.0	0.0	0.0	0.0	80.0	0.0	0.0	0.0	0.0	0.0	0.0	0.0	0.0	0.0	0.0	0.0	0.0	1.0	0.0	0.0	0.0	0.0	0.0	0.0	80.0	0.0	0.0	0.0	1.3333333333333333	0.0	0.0	80.0	80.0	80.0	-1.0	0.0	0.0	0.0	0.0	0.0	0.0	80.0	0.0	0.0	1.0	0.0	0.0	0.0	0.0	0.0	80.0	0.0	0.0	0.0	0.0	0.0	0.0	0.0	0.0	0.0	1.0	0.0	0.0	0.0	80.0	80.0	0.0	0.0	0.0	0.0	0.0	0.0	0.0	0.0	0.0	0.0	0.0	0.0	80.0	0.0	0.0	0.0	0.5	0.0	80.0	0.0	0.0	0.0	0.0	0.0	0.0	80.0	0.0	0.0	0.0	0.0	0.0	0.0	0.0	0.0	0.0	1.0	80.0	0.0	0.0	80.0	0.0	0.0	1.3333333333333333	0.0	80.0	0.0	0.0	80.0	0.0	0.0	0.0	0.0	80.0	80.0	0.0	0.0	80.0	0.0	0.0	0.0	1.0	0.0	0.0	0.0	0.0	0.0	0.0	0.0	0.0	0.0	0.0	0.0	0.0	80.0	0.0	1.3333333333333333	0.0	0.0	0.0	0.0	80.0	0.0	0.0	0.0	0.0	0.0	80.0	1.0	1.0	0.0	0.0	0.0	0.0	0.0	80.0	0.0	0.0	0.0	0.0	0.0	80.0	0.0	0.0	0.0	0.0	0.0	0.0	0.0	0.0	0.0	0.0	80.0	0.0	0.0	80.0	0.0	0.0	0.0	0.0	0.0	0.0	0.0	0.0	0.0	0.0	0.0	80.0	0.0	0.0	0.0	0.0	0.0	0.0	0.0	0.0	0.0	80.0	0.0	80.0	0.0	0.0	0.0	0.0	1.0
CHEMBL598963	1	0.0	1.0	80.0	80.0	1.0	80.0	0.0	0.0	0.0	0.0	0.0	0.0	0.0	0.0	0.0	0.0	0.0	0.0	0.0	80.0	0.0	0.0	0.0	0.0	0.0	0.0	0.0	0.0	80.0	0.0	0.0	0.0	0.0	-80.0	0.0	0.0	1.0	0.0	1.0	-1.0	0.0	0.0	0.0	0.0	0.0	1.0	0.0	0.0	0.0	80.0	80.0	0.0	0.0	0.0	0.0	0.0	80.0	0.0	0.0	0.0	0.0	0.0	0.0	1.0	0.0	80.0	0.0	0.0	0.0	0.0	0.0	0.0	0.0	0.0	1.3333333333333333	0.0	0.0	80.0	80.0	80.0	-1.0	0.0	0.0	0.0	0.0	0.0	0.0	80.0	0.0	0.0	1.0	0.0	0.0	0.0	0.0	0.0	80.0	0.0	0.0	0.0	0.0	0.0	0.0	0.0	0.0	0.0	1.0	0.0	0.0	0.0	80.0	80.0	0.0	0.0	0.0	0.0	0.0	0.0	0.0	0.0	0.0	0.0	0.0	0.0	80.0	0.0	0.0	0.0	0.5	80.0	80.0	0.0	0.0	0.0	0.0	0.0	0.0	80.0	0.0	80.0	0.0	0.0	0.0	0.0	0.0	0.0	0.0	0.0	80.0	0.0	0.0	80.0	0.0	0.0	1.3333333333333333	0.0	80.0	0.0	0.0	80.0	0.0	0.0	0.0	0.0	80.0	80.0	0.0	0.0	80.0	0.0	0.0	0.0	1.0	0.0	0.0	0.0	0.0	0.0	0.0	0.0	0.0	0.0	0.0	0.0	0.0	80.0	0.0	1.3333333333333333	0.0	0.0	0.0	0.0	80.0	0.0	0.0	0.0	0.0	0.0	0.0	1.0	1.0	0.0	0.0	0.0	0.0	0.0	80.0	0.0	0.0	0.0	0.0	0.0	80.0	0.0	0.0	80.0	0.0	0.0	0.0	0.0	0.0	0.0	0.0	80.0	0.0	0.0	80.0	80.0	80.0	0.0	0.0	0.0	0.0	0.0	0.0	0.0	80.0	0.0	80.0	0.0	0.0	0.0	0.0	0.0	0.0	0.0	0.0	0.0	80.0	0.0	80.0	-1.0	0.0	0.0	0.0	1.0
C67459002	0	0.0	0.0	0.0	0.0	0.0	0.0	0.0	0.0	0.0	80.0	0.0	0.0	0.0	0.0	80.0	0.0	0.0	0.0	0.0	0.0	0.0	0.0	0.0	0.0	0.0	0.0	0.0	0.0	0.0	1.0	80.0	0.0	0.0	0.0	0.0	0.0	0.0	0.0	0.0	0.0	0.0	80.0	0.0	0.0	0.0	0.0	0.0	0.0	80.0	0.0	0.0	0.0	0.0	0.0	0.0	0.0	80.0	0.0	0.0	0.0	80.0	0.0	80.0	0.0	1.0	80.0	80.0	0.0	0.0	0.0	0.0	80.0	0.0	0.0	0.0	0.0	0.0	0.0	0.0	0.0	0.0	0.0	0.0	0.0	0.0	0.0	80.0	0.0	80.0	0.0	0.0	0.0	0.0	0.0	0.0	80.0	80.0	0.0	0.0	80.0	0.0	0.0	80.0	0.0	0.0	0.0	1.0	1.0	0.0	0.0	0.0	80.0	0.0	80.0	0.0	0.0	0.0	0.0	0.0	1.3333333333333333	0.0	0.0	-1.0	80.0	0.0	0.0	80.0	0.0	-0.5	0.0	0.0	0.0	0.0	0.0	0.0	0.0	1.0	0.0	-1.0	0.0	0.0	0.0	0.0	80.0	1.0	0.0	80.0	0.0	0.0	0.0	0.0	0.0	0.0	0.0	1.3333333333333333	0.0	0.0	0.0	0.0	80.0	0.0	0.0	0.0	0.0	0.0	80.0	0.0	-1.0	0.0	0.0	0.0	0.0	0.0	0.0	80.0	1.0	0.0	0.0	0.0	0.0	0.0	0.0	1.0	0.0	0.0	80.0	1.0	0.0	1.0	0.0	0.0	0.0	80.0	1.0	0.0	0.0	1.3333333333333333	0.0	0.0	0.0	0.0	0.0	80.0	0.0	80.0	0.0	0.0	80.0	0.0	0.0	0.0	80.0	80.0	0.0	0.0	0.0	80.0	80.0	1.0	0.0	0.0	0.0	80.0	80.0	0.0	80.0	0.0	0.0	0.0	0.0	0.0	0.0	0.0	0.0	0.0	0.0	0.0	0.0	0.0	1.3333333333333333	0.0	0.0	0.0	0.0	0.0	0.0	0.0	0.0	0.0	0.0	80.0	-1.0	0.0	0.0	80.0	0.0
C03085640	0	0.0	0.0	0.0	0.0	0.0	0.0	0.0	0.0	0.0	0.0	0.0	0.0	0.0	0.0	0.0	0.0	0.0	0.0	0.0	0.0	0.0	0.0	80.0	0.0	0.0	0.0	0.0	0.0	0.0	1.0	0.0	0.0	0.0	0.0	0.0	0.0	0.0	0.0	0.0	-1.0	0.0	0.0	0.0	0.0	0.0	0.0	0.0	0.0	0.0	0.0	0.0	0.0	0.0	0.0	0.0	0.0	0.0	0.0	0.0	0.0	0.0	0.0	0.0	0.0	0.0	80.0	0.0	0.0	0.0	0.0	0.0	0.0	0.0	80.0	0.0	0.0	0.0	0.0	0.0	0.0	0.0	0.0	0.0	0.0	80.0	0.0	80.0	80.0	0.0	80.0	0.0	0.0	80.0	0.0	1.3333333333333333	0.0	0.0	0.0	0.0	0.0	0.0	0.0	0.0	0.0	80.0	0.0	0.0	0.0	0.0	0.0	0.0	0.0	80.0	0.0	0.0	0.0	80.0	0.0	0.0	1.3333333333333333	0.0	0.0	0.0	80.0	0.0	0.0	0.0	80.0	-0.5	0.0	0.0	0.0	0.0	0.0	0.0	0.0	0.0	0.0	-1.0	0.0	0.0	0.0	0.0	0.0	0.0	0.0	0.0	0.0	0.0	80.0	0.0	0.0	0.0	0.0	0.0	0.0	0.0	80.0	-1.0	80.0	0.0	0.0	80.0	0.0	0.0	0.0	0.0	-1.0	0.0	0.0	0.0	0.0	0.0	0.0	0.0	0.0	0.0	0.0	0.0	0.0	0.0	0.0	0.0	1.0	0.0	0.0	1.0	0.0	0.0	0.0	0.0	0.0	0.0	0.0	0.0	0.0	0.0	0.0	0.0	0.0	1.0	0.0	0.0	80.0	0.0	0.0	0.0	0.0	0.0	0.0	0.0	0.0	0.0	0.0	-1.0	80.0	0.0	0.0	0.0	80.0	0.0	0.0	0.0	0.0	0.0	0.0	0.0	0.0	0.0	0.0	0.0	0.0	80.0	80.0	0.0	0.0	0.0	80.0	0.0	1.3333333333333333	0.0	0.0	0.0	0.0	0.0	80.0	0.0	0.0	0.0	0.0	0.0	0.0	0.0	80.0	80.0	0.0
C04268024	0	0.0	0.0	0.0	0.0	0.0	0.0	0.0	0.0	0.0	0.0	0.0	0.0	0.0	0.0	80.0	0.0	0.0	0.0	0.0	0.0	80.0	0.0	0.0	0.0	0.0	80.0	0.0	0.0	0.0	0.0	0.0	0.0	0.0	0.0	0.0	0.0	0.0	0.0	0.0	0.0	0.0	0.0	0.0	0.0	0.0	0.0	0.0	0.0	80.0	0.0	0.0	0.0	0.0	0.0	0.0	0.0	0.0	0.0	0.0	80.0	0.0	0.0	0.0	0.0	0.0	0.0	80.0	0.0	80.0	0.0	0.0	0.0	0.0	0.0	0.0	0.0	0.0	0.0	0.0	0.0	-1.0	0.0	0.0	0.0	0.0	0.0	80.0	0.0	0.0	80.0	0.0	0.0	0.0	80.0	0.0	0.0	0.0	0.0	0.0	0.0	0.0	0.0	0.0	0.0	0.0	80.0	0.0	1.0	0.0	0.0	80.0	0.0	0.0	0.0	1.0	0.0	0.0	80.0	0.0	0.0	0.0	0.0	-1.0	0.0	0.0	0.0	0.0	0.0	0.5	0.0	0.0	0.0	0.0	0.0	0.0	80.0	1.0	0.0	-1.0	0.0	0.0	0.0	0.0	0.0	0.0	0.0	0.0	0.0	0.0	0.0	80.0	0.0	0.0	0.0	0.0	0.0	0.0	0.0	-1.0	0.0	0.0	0.0	0.0	1.3333333333333333	0.0	0.0	0.0	-1.0	0.0	0.0	0.0	0.0	0.0	0.0	0.0	0.0	0.0	0.0	0.0	0.0	0.0	0.0	1.0	0.0	80.0	80.0	0.0	0.0	0.0	0.0	80.0	0.0	0.0	0.0	0.0	0.0	0.0	0.0	0.0	0.0	0.0	80.0	80.0	0.0	0.0	0.0	0.0	0.0	0.0	0.0	0.0	0.0	0.0	0.0	-1.0	0.0	0.0	0.0	1.0	0.0	0.0	0.0	0.0	0.0	0.0	0.0	0.0	0.0	0.0	0.0	0.0	0.0	80.0	0.0	0.0	0.0	0.0	0.0	0.0	0.0	0.0	0.0	0.0	0.0	0.0	0.0	0.0	0.0	0.0	0.0	0.0	-1.0	0.0	0.0	0.0	0.0
C37141601	0	0.0	1.0	0.0	0.0	1.0	0.0	0.0	0.0	0.0	0.0	80.0	0.0	80.0	80.0	0.0	0.0	0.0	0.0	0.0	0.0	0.0	0.0	0.0	0.0	0.0	0.0	0.0	80.0	0.0	0.0	0.0	0.0	0.0	0.0	80.0	80.0	0.0	0.0	0.0	0.0	0.0	0.0	0.0	0.0	80.0	1.0	80.0	0.0	80.0	0.0	0.0	0.0	80.0	0.0	0.0	0.0	0.0	0.0	0.0	0.0	0.0	80.0	0.0	0.0	0.0	0.0	0.0	0.0	0.0	0.0	0.0	80.0	0.0	0.0	0.0	0.0	0.0	0.0	0.0	0.0	-1.0	-1.0	0.0	0.0	0.0	0.0	0.0	0.0	0.0	0.0	0.0	0.0	80.0	0.0	0.0	0.0	0.0	0.0	0.0	0.0	-80.0	0.0	0.0	0.0	0.0	0.0	0.0	0.0	0.0	0.0	0.0	0.0	80.0	80.0	1.0	0.0	0.0	0.0	0.0	0.0	0.0	0.0	-1.0	0.0	0.0	0.0	0.0	0.0	-0.5	80.0	0.0	0.0	0.0	80.0	0.0	0.0	1.0	0.0	-1.0	80.0	0.0	0.0	80.0	0.0	0.0	0.0	0.0	0.0	0.0	0.0	0.0	0.0	0.0	0.0	1.3333333333333333	0.0	0.0	0.0	0.0	0.0	0.0	0.0	0.0	0.0	0.0	0.0	0.0	0.0	0.0	0.0	80.0	80.0	0.0	80.0	0.0	0.0	0.0	0.0	0.0	0.0	0.0	0.0	0.0	0.0	80.0	0.0	1.0	0.0	1.0	0.0	0.0	0.0	0.0	1.0	0.0	0.0	0.0	0.0	0.0	0.0	0.0	0.0	0.0	0.0	0.0	80.0	0.0	0.0	0.0	0.0	0.0	0.0	0.0	0.0	-1.0	0.0	80.0	0.0	0.0	0.0	0.0	0.0	0.0	0.0	0.0	80.0	0.0	0.0	0.0	80.0	0.0	0.0	0.0	0.0	80.0	0.0	0.0	0.0	0.0	1.3333333333333333	0.0	0.0	0.0	0.0	0.0	0.0	0.0	0.0	0.0	0.0	0.0	0.0	0.0	0.0	0.0	1.0
C49974487	0	80.0	0.0	0.0	0.0	0.0	0.0	0.0	0.0	0.0	0.0	0.0	0.0	0.0	80.0	0.0	0.0	0.0	80.0	0.0	80.0	80.0	80.0	0.0	0.0	0.0	80.0	0.0	0.0	80.0	0.0	0.0	0.0	0.0	0.0	0.0	0.0	0.0	0.0	0.0	-1.0	0.0	0.0	0.0	0.0	0.0	0.0	80.0	80.0	0.0	0.0	80.0	0.0	0.0	0.0	0.0	0.0	80.0	0.0	0.0	0.0	0.0	0.0	80.0	1.0	0.0	80.0	80.0	0.0	0.0	0.0	0.0	0.0	80.0	80.0	0.0	0.0	0.0	0.0	0.0	0.0	0.0	0.0	0.0	0.0	0.0	0.0	80.0	0.0	0.0	0.0	0.0	80.0	0.0	0.0	1.3333333333333333	0.0	0.0	0.0	0.0	0.0	0.0	0.0	80.0	0.0	0.0	0.0	1.0	0.0	0.0	0.0	0.0	0.0	0.0	80.0	0.0	0.0	0.0	0.0	0.0	0.0	0.0	0.0	-1.0	0.0	0.0	0.0	0.0	0.0	-0.5	0.0	0.0	0.0	0.0	0.0	0.0	0.0	0.0	0.0	0.0	80.0	0.0	80.0	0.0	0.0	1.0	0.0	0.0	0.0	0.0	0.0	0.0	0.0	0.0	0.0	0.0	0.0	0.0	0.0	-1.0	0.0	80.0	0.0	80.0	1.3333333333333333	0.0	0.0	0.0	-1.0	0.0	0.0	0.0	0.0	0.0	0.0	0.0	0.0	0.0	0.0	0.0	0.0	0.0	0.0	0.0	1.0	0.0	0.0	0.0	1.3333333333333333	0.0	0.0	0.0	0.0	80.0	0.0	0.0	0.0	1.3333333333333333	0.0	0.0	0.0	0.0	0.0	0.0	0.0	0.0	0.0	80.0	0.0	0.0	0.0	0.0	0.0	0.0	0.0	0.0	0.0	0.0	0.0	0.0	0.0	0.0	0.0	0.0	0.0	0.0	0.0	0.0	0.0	0.0	0.0	0.0	0.0	0.0	0.0	0.0	0.0	0.0	80.0	0.0	0.0	0.0	80.0	0.0	0.0	0.0	0.0	0.0	0.0	80.0	0.0	80.0	-1.0	0.0	0.0	0.0	1.0
C65398472	0	80.0	1.0	0.0	80.0	0.0	0.0	0.0	0.0	0.0	0.0	0.0	0.0	0.0	80.0	0.0	0.0	0.0	80.0	0.0	0.0	0.0	80.0	80.0	0.0	0.0	80.0	0.0	0.0	0.0	0.0	0.0	0.0	0.0	0.0	0.0	0.0	0.0	0.0	0.0	0.0	0.0	0.0	0.0	0.0	0.0	0.0	0.0	80.0	0.0	80.0	0.0	0.0	0.0	0.0	0.0	0.0	0.0	0.0	0.0	0.0	0.0	0.0	0.0	1.0	1.0	0.0	80.0	80.0	0.0	80.0	0.0	0.0	0.0	0.0	0.0	80.0	0.0	0.0	0.0	0.0	0.0	0.0	0.0	0.0	0.0	0.0	0.0	0.0	0.0	0.0	0.0	80.0	0.0	0.0	1.3333333333333333	0.0	0.0	0.0	0.0	0.0	0.0	0.0	0.0	0.0	0.0	0.0	1.0	1.0	0.0	0.0	80.0	0.0	80.0	80.0	0.0	0.0	0.0	0.0	0.0	1.3333333333333333	0.0	0.0	0.0	0.0	0.0	0.0	0.0	0.0	0.5	0.0	80.0	0.0	0.0	0.0	0.0	0.0	1.0	0.0	-1.0	80.0	0.0	80.0	0.0	0.0	0.0	0.0	0.0	1.0	0.0	0.0	0.0	0.0	0.0	0.0	0.0	0.0	0.0	0.0	-1.0	0.0	80.0	0.0	0.0	0.0	80.0	0.0	0.0	-1.0	0.0	0.0	0.0	0.0	0.0	0.0	0.0	1.0	0.0	0.0	0.0	80.0	0.0	80.0	0.0	0.0	0.0	0.0	1.0	0.0	0.0	0.0	0.0	0.0	0.0	0.0	0.0	0.0	1.3333333333333333	0.0	0.0	0.0	0.0	0.0	0.0	0.0	0.0	0.0	80.0	80.0	0.0	0.0	0.0	0.0	0.0	0.0	0.0	0.0	0.0	0.0	1.0	0.0	0.0	80.0	0.0	0.0	0.0	0.0	0.0	80.0	0.0	0.0	0.0	0.0	0.0	0.0	0.0	0.0	0.0	80.0	0.0	1.3333333333333333	0.0	0.0	0.0	0.0	80.0	0.0	80.0	80.0	0.0	0.0	0.0	-1.0	0.0	0.0	80.0	0.0
C00413678	0	0.0	0.0	80.0	0.0	0.0	0.0	0.0	0.0	0.0	0.0	0.0	0.0	0.0	0.0	0.0	0.0	0.0	0.0	0.0	80.0	80.0	0.0	0.0	0.0	80.0	0.0	0.0	0.0	0.0	0.0	80.0	0.0	0.0	0.0	0.0	0.0	1.0	0.0	0.0	0.0	0.0	0.0	0.0	0.0	80.0	0.0	0.0	0.0	0.0	0.0	0.0	80.0	0.0	0.0	0.0	0.0	0.0	0.0	1.0	0.0	80.0	0.0	0.0	0.0	1.0	0.0	80.0	0.0	0.0	0.0	0.0	0.0	0.0	0.0	0.0	0.0	0.0	80.0	0.0	0.0	0.0	0.0	0.0	0.0	0.0	80.0	0.0	0.0	80.0	0.0	0.0	0.0	0.0	0.0	0.0	80.0	0.0	0.0	0.0	0.0	0.0	0.0	80.0	80.0	0.0	0.0	1.0	0.0	0.0	0.0	0.0	0.0	80.0	0.0	0.0	0.0	0.0	0.0	0.0	1.3333333333333333	80.0	0.0	-1.0	0.0	0.0	0.0	0.0	0.0	0.5	0.0	0.0	0.0	0.0	0.0	80.0	0.0	1.0	0.0	-1.0	0.0	0.0	0.0	80.0	80.0	1.0	0.0	0.0	0.0	0.0	0.0	0.0	0.0	0.0	0.0	0.0	80.0	0.0	80.0	0.0	0.0	80.0	0.0	0.0	0.0	0.0	80.0	0.0	0.0	0.0	0.0	0.0	0.0	0.0	0.0	0.0	1.0	0.0	1.0	0.0	0.0	0.0	0.0	0.0	0.0	0.0	0.0	1.0	0.0	0.0	0.0	0.0	0.0	0.0	0.0	0.0	0.0	0.0	0.0	0.0	0.0	0.0	0.0	0.0	0.0	0.0	0.0	0.0	80.0	0.0	80.0	0.0	0.0	0.0	0.0	0.0	0.0	0.0	80.0	1.0	0.0	0.0	0.0	0.0	0.0	0.0	0.0	0.0	0.0	0.0	0.0	0.0	80.0	0.0	80.0	0.0	0.0	0.0	0.0	80.0	0.0	0.0	0.0	80.0	0.0	80.0	0.0	0.0	0.0	0.0	0.0	0.0	-1.0	0.0	0.0	0.0	1.0
C00439023	0	0.0	0.0	0.0	0.0	0.0	0.0	0.0	0.0	0.0	0.0	0.0	0.0	0.0	0.0	0.0	0.0	0.0	0.0	0.0	0.0	0.0	0.0	0.0	0.0	0.0	80.0	0.0	0.0	0.0	0.0	0.0	0.0	0.0	0.0	0.0	0.0	0.0	80.0	1.0	0.0	0.0	0.0	0.0	80.0	80.0	0.0	0.0	0.0	0.0	0.0	0.0	0.0	0.0	0.0	80.0	0.0	80.0	0.0	1.0	0.0	80.0	0.0	80.0	0.0	1.0	0.0	0.0	0.0	0.0	0.0	0.0	0.0	80.0	80.0	1.3333333333333333	0.0	0.0	80.0	0.0	0.0	-1.0	0.0	0.0	0.0	0.0	0.0	0.0	80.0	80.0	80.0	1.0	0.0	80.0	80.0	0.0	0.0	0.0	0.0	0.0	0.0	0.0	0.0	0.0	0.0	0.0	0.0	0.0	0.0	0.0	0.0	80.0	0.0	0.0	0.0	0.0	0.0	80.0	0.0	0.0	1.3333333333333333	0.0	1.3333333333333333	-1.0	0.0	0.0	1.0	0.0	0.0	0.5	0.0	0.0	0.0	0.0	0.0	80.0	0.0	0.0	0.0	0.0	0.0	0.0	0.0	0.0	0.0	0.0	80.0	0.0	0.0	0.0	0.0	0.0	0.0	0.0	0.0	0.0	0.0	0.0	0.0	-1.0	0.0	0.0	0.0	0.0	0.0	0.0	0.0	0.0	-1.0	0.0	80.0	0.0	0.0	0.0	0.0	0.0	1.0	0.0	0.0	80.0	0.0	0.0	0.0	1.0	0.0	0.0	0.0	0.0	1.3333333333333333	0.0	0.0	0.0	0.0	0.0	0.0	80.0	0.0	0.0	0.0	0.0	1.0	0.0	0.0	0.0	0.0	0.0	0.0	0.0	0.0	0.0	0.0	0.0	0.0	0.0	80.0	0.0	0.0	0.0	80.0	1.0	0.0	0.0	80.0	0.0	0.0	0.0	0.0	0.0	80.0	0.0	0.0	80.0	80.0	0.0	80.0	0.0	0.0	0.0	0.0	0.0	0.0	0.0	80.0	0.0	0.0	0.0	0.0	0.0	80.0	0.0	0.0	0.0	-1.0	0.0	0.0	0.0	0.0
C35308318	0	0.0	1.0	0.0	0.0	0.0	0.0	0.0	0.0	80.0	80.0	80.0	0.0	0.0	0.0	0.0	0.0	0.0	0.0	0.0	0.0	0.0	0.0	0.0	0.0	0.0	0.0	0.0	0.0	0.0	0.0	0.0	0.0	80.0	0.0	80.0	0.0	0.0	0.0	0.0	-1.0	0.0	0.0	0.0	0.0	0.0	0.0	0.0	0.0	0.0	80.0	0.0	0.0	0.0	0.0	0.0	0.0	0.0	0.0	0.0	0.0	0.0	80.0	0.0	0.0	0.0	0.0	0.0	0.0	80.0	80.0	80.0	0.0	0.0	0.0	1.3333333333333333	0.0	0.0	0.0	0.0	0.0	0.0	0.0	0.0	0.0	80.0	80.0	0.0	0.0	0.0	0.0	0.0	0.0	0.0	0.0	0.0	0.0	0.0	0.0	80.0	0.0	0.0	0.0	0.0	0.0	80.0	0.0	0.0	1.0	0.0	0.0	80.0	0.0	0.0	0.0	0.0	80.0	80.0	0.0	0.0	0.0	80.0	1.3333333333333333	-1.0	0.0	0.0	0.0	80.0	0.0	0.5	80.0	80.0	0.0	0.0	0.0	80.0	80.0	1.0	0.0	0.0	0.0	0.0	0.0	0.0	0.0	1.0	0.0	0.0	1.0	0.0	0.0	0.0	0.0	0.0	80.0	0.0	0.0	0.0	0.0	-1.0	0.0	0.0	0.0	0.0	0.0	0.0	0.0	0.0	-1.0	0.0	0.0	0.0	80.0	0.0	0.0	0.0	0.0	0.0	1.0	0.0	0.0	0.0	80.0	0.0	0.0	0.0	0.0	0.0	1.3333333333333333	0.0	0.0	0.0	0.0	0.0	0.0	0.0	0.0	0.0	0.0	0.0	0.0	0.0	0.0	0.0	80.0	80.0	80.0	0.0	80.0	0.0	0.0	0.0	0.0	0.0	0.0	0.0	0.0	0.0	0.0	0.0	0.0	0.0	0.0	0.0	0.0	0.0	0.0	0.0	0.0	0.0	0.0	0.0	80.0	80.0	0.0	0.0	0.0	0.0	0.0	0.0	0.0	0.0	80.0	0.0	80.0	0.0	0.0	0.0	0.0	0.0	80.0	80.0	-1.0	0.0	0.0	0.0	0.0
C39452720	0	0.0	0.0	0.0	80.0	0.0	0.0	0.0	80.0	0.0	0.0	0.0	0.0	0.0	0.0	0.0	80.0	0.0	0.0	0.0	0.0	80.0	0.0	80.0	0.0	0.0	0.0	0.0	0.0	0.0	0.0	0.0	0.0	0.0	0.0	80.0	0.0	0.0	0.0	1.0	0.0	0.0	80.0	0.0	0.0	0.0	1.0	0.0	0.0	0.0	0.0	80.0	0.0	0.0	0.0	0.0	0.0	0.0	0.0	1.0	0.0	0.0	0.0	0.0	1.0	1.0	0.0	80.0	0.0	0.0	0.0	0.0	80.0	0.0	80.0	0.0	0.0	80.0	80.0	0.0	0.0	0.0	0.0	0.0	0.0	0.0	0.0	80.0	0.0	0.0	80.0	1.0	0.0	0.0	0.0	0.0	80.0	80.0	0.0	0.0	0.0	0.0	0.0	80.0	0.0	0.0	0.0	0.0	1.0	0.0	80.0	0.0	0.0	0.0	0.0	1.0	80.0	0.0	0.0	0.0	0.0	0.0	0.0	0.0	0.0	0.0	0.0	0.0	0.0	0.5	0.0	80.0	0.0	0.0	80.0	0.0	0.0	1.0	0.0	0.0	0.0	1.3333333333333333	0.0	0.0	0.0	0.0	0.0	0.0	1.0	0.0	0.0	0.0	0.0	0.0	0.0	0.0	0.0	0.0	0.0	0.0	0.0	80.0	80.0	0.0	0.0	0.0	0.0	0.0	0.0	0.0	80.0	0.0	80.0	1.0	0.0	0.0	1.0	0.0	0.0	80.0	0.0	0.0	0.0	0.0	1.0	0.0	0.0	0.0	0.0	1.0	0.0	0.0	80.0	0.0	0.0	0.0	80.0	1.3333333333333333	0.0	80.0	0.0	0.0	0.0	0.0	0.0	80.0	0.0	0.0	80.0	0.0	0.0	0.0	0.0	0.0	0.0	0.0	0.0	80.0	0.0	0.0	0.0	0.0	0.0	0.0	0.0	0.0	0.0	0.0	0.0	0.0	0.0	0.0	80.0	0.0	0.0	0.0	0.0	0.0	80.0	0.0	1.3333333333333333	80.0	0.0	0.0	0.0	0.0	0.0	0.0	0.0	80.0	0.0	0.0	0.0	0.0	0.0	0.0	1.0
C63197439	0	80.0	1.0	0.0	0.0	1.0	0.0	0.0	0.0	0.0	0.0	80.0	0.0	80.0	0.0	0.0	0.0	0.0	0.0	0.0	0.0	0.0	0.0	0.0	0.0	0.0	0.0	0.0	0.0	0.0	1.0	0.0	0.0	0.0	0.0	80.0	0.0	1.0	0.0	0.0	-1.0	0.0	0.0	0.0	80.0	0.0	1.0	80.0	0.0	0.0	80.0	0.0	0.0	0.0	0.0	0.0	0.0	0.0	0.0	0.0	0.0	0.0	0.0	0.0	1.0	0.0	0.0	0.0	0.0	0.0	0.0	0.0	0.0	0.0	80.0	0.0	0.0	0.0	0.0	0.0	0.0	-1.0	0.0	0.0	0.0	0.0	0.0	80.0	0.0	0.0	0.0	0.0	0.0	0.0	80.0	0.0	0.0	0.0	0.0	0.0	0.0	-80.0	80.0	0.0	0.0	0.0	0.0	0.0	0.0	0.0	0.0	0.0	0.0	0.0	0.0	0.0	0.0	0.0	0.0	0.0	0.0	0.0	1.3333333333333333	-1.0	80.0	0.0	0.0	0.0	0.0	0.5	80.0	0.0	0.0	0.0	0.0	0.0	0.0	0.0	0.0	-1.0	0.0	0.0	0.0	0.0	0.0	1.0	0.0	0.0	1.0	0.0	80.0	0.0	0.0	0.0	0.0	1.3333333333333333	0.0	0.0	0.0	0.0	0.0	0.0	0.0	0.0	0.0	80.0	0.0	80.0	0.0	0.0	0.0	0.0	0.0	0.0	0.0	0.0	0.0	0.0	0.0	0.0	0.0	0.0	0.0	0.0	0.0	0.0	0.0	1.0	0.0	1.0	0.0	0.0	0.0	0.0	1.0	0.0	0.0	0.0	0.0	0.0	1.0	0.0	0.0	0.0	80.0	80.0	80.0	0.0	80.0	0.0	0.0	0.0	0.0	0.0	0.0	-1.0	80.0	0.0	0.0	0.0	80.0	0.0	0.0	0.0	0.0	0.0	0.0	0.0	0.0	0.0	0.0	0.0	0.0	0.0	0.0	0.0	80.0	0.0	0.0	0.0	0.0	0.0	0.0	0.0	0.0	0.0	0.0	0.0	0.0	0.0	0.0	80.0	0.0	0.0	0.0	80.0	0.0
C36789988	0	0.0	1.0	0.0	0.0	0.0	0.0	80.0	0.0	0.0	0.0	0.0	0.0	80.0	80.0	0.0	0.0	0.0	80.0	0.0	0.0	0.0	0.0	0.0	0.0	0.0	0.0	80.0	80.0	0.0	0.0	0.0	0.0	80.0	0.0	80.0	0.0	0.0	0.0	1.0	0.0	0.0	0.0	0.0	0.0	0.0	1.0	0.0	0.0	0.0	0.0	80.0	0.0	0.0	0.0	0.0	0.0	0.0	0.0	0.0	0.0	0.0	0.0	0.0	0.0	0.0	0.0	0.0	0.0	0.0	0.0	0.0	0.0	0.0	0.0	0.0	0.0	0.0	0.0	0.0	0.0	0.0	-1.0	0.0	0.0	0.0	0.0	80.0	0.0	0.0	80.0	1.0	80.0	0.0	0.0	0.0	0.0	80.0	0.0	0.0	0.0	0.0	0.0	0.0	0.0	0.0	0.0	0.0	0.0	0.0	0.0	80.0	0.0	0.0	0.0	1.0	0.0	0.0	0.0	80.0	0.0	0.0	1.3333333333333333	-1.0	0.0	0.0	0.0	0.0	0.0	-0.5	0.0	0.0	80.0	0.0	0.0	80.0	0.0	1.0	0.0	-1.0	80.0	0.0	80.0	0.0	0.0	0.0	0.0	0.0	0.0	0.0	0.0	80.0	80.0	0.0	80.0	0.0	0.0	0.0	0.0	0.0	0.0	0.0	0.0	0.0	0.0	0.0	0.0	0.0	-1.0	0.0	0.0	0.0	0.0	0.0	80.0	80.0	0.0	0.0	0.0	0.0	0.0	0.0	80.0	0.0	0.0	0.0	80.0	0.0	0.0	0.0	0.0	0.0	0.0	0.0	0.0	0.0	0.0	0.0	0.0	80.0	0.0	0.0	0.0	0.0	0.0	0.0	0.0	0.0	0.0	0.0	80.0	0.0	0.0	0.0	0.0	-1.0	0.0	0.0	0.0	0.0	0.0	0.0	0.0	0.0	0.0	0.0	0.0	0.0	80.0	0.0	0.0	0.0	0.0	0.0	0.0	0.0	0.0	0.0	0.0	0.0	1.3333333333333333	0.0	0.0	0.0	0.0	0.0	0.0	0.0	0.0	0.0	0.0	0.0	0.0	80.0	80.0	0.0	1.0
C62952557	0	0.0	0.0	80.0	0.0	1.0	0.0	0.0	0.0	0.0	0.0	80.0	80.0	0.0	0.0	0.0	0.0	0.0	80.0	0.0	0.0	0.0	0.0	0.0	0.0	0.0	0.0	0.0	0.0	0.0	0.0	0.0	0.0	0.0	0.0	0.0	0.0	1.0	0.0	1.0	-1.0	0.0	0.0	80.0	80.0	0.0	0.0	0.0	0.0	0.0	0.0	0.0	0.0	0.0	0.0	0.0	0.0	0.0	0.0	0.0	80.0	0.0	0.0	0.0	0.0	0.0	0.0	0.0	0.0	0.0	0.0	0.0	80.0	0.0	0.0	0.0	0.0	0.0	0.0	80.0	0.0	0.0	-1.0	0.0	0.0	0.0	0.0	0.0	0.0	0.0	0.0	0.0	0.0	0.0	0.0	0.0	0.0	0.0	0.0	80.0	0.0	-80.0	0.0	80.0	0.0	0.0	0.0	0.0	0.0	0.0	0.0	0.0	0.0	0.0	0.0	1.0	0.0	0.0	0.0	80.0	0.0	0.0	0.0	-1.0	0.0	0.0	0.0	0.0	0.0	-0.5	0.0	0.0	0.0	80.0	0.0	0.0	0.0	0.0	0.0	0.0	0.0	0.0	80.0	0.0	0.0	0.0	0.0	0.0	0.0	0.0	0.0	0.0	0.0	0.0	0.0	1.3333333333333333	0.0	0.0	0.0	0.0	0.0	0.0	0.0	0.0	1.3333333333333333	0.0	0.0	0.0	-1.0	80.0	0.0	80.0	0.0	0.0	0.0	0.0	0.0	80.0	0.0	0.0	0.0	0.0	0.0	0.0	0.0	0.0	0.0	0.0	0.0	0.0	0.0	0.0	0.0	0.0	1.0	0.0	0.0	0.0	0.0	0.0	1.0	0.0	80.0	0.0	0.0	0.0	0.0	0.0	0.0	80.0	0.0	0.0	0.0	0.0	0.0	-1.0	0.0	0.0	0.0	0.0	0.0	0.0	0.0	0.0	0.0	0.0	0.0	0.0	0.0	0.0	0.0	80.0	0.0	0.0	0.0	0.0	0.0	0.0	0.0	0.0	0.0	0.0	0.0	0.0	0.0	0.0	0.0	80.0	0.0	0.0	0.0	0.0	-1.0	0.0	0.0	80.0	0.0
C37819213	0	0.0	1.0	0.0	0.0	0.0	0.0	80.0	0.0	80.0	0.0	0.0	0.0	0.0	0.0	80.0	0.0	0.0	80.0	0.0	0.0	0.0	0.0	0.0	0.0	0.0	0.0	0.0	0.0	80.0	0.0	0.0	0.0	0.0	0.0	0.0	0.0	1.0	0.0	0.0	0.0	0.0	0.0	0.0	0.0	0.0	0.0	0.0	0.0	0.0	0.0	0.0	0.0	0.0	80.0	0.0	0.0	0.0	0.0	0.0	0.0	0.0	0.0	0.0	0.0	0.0	0.0	0.0	0.0	0.0	0.0	0.0	0.0	0.0	0.0	0.0	0.0	0.0	0.0	0.0	0.0	0.0	-1.0	0.0	0.0	0.0	0.0	0.0	0.0	0.0	0.0	0.0	0.0	0.0	0.0	0.0	0.0	0.0	0.0	0.0	0.0	-80.0	0.0	0.0	0.0	0.0	0.0	0.0	0.0	0.0	0.0	0.0	0.0	0.0	0.0	0.0	0.0	0.0	0.0	0.0	1.3333333333333333	0.0	0.0	-1.0	80.0	0.0	1.0	80.0	0.0	-0.5	0.0	0.0	0.0	0.0	0.0	0.0	0.0	0.0	0.0	0.0	0.0	0.0	80.0	80.0	0.0	0.0	80.0	0.0	0.0	0.0	0.0	0.0	0.0	0.0	0.0	0.0	0.0	0.0	0.0	0.0	0.0	80.0	0.0	0.0	0.0	0.0	80.0	0.0	0.0	0.0	0.0	0.0	0.0	0.0	0.0	0.0	0.0	0.0	0.0	0.0	0.0	0.0	0.0	1.0	0.0	0.0	0.0	0.0	0.0	0.0	0.0	0.0	0.0	0.0	0.0	0.0	0.0	0.0	0.0	80.0	0.0	1.0	0.0	80.0	0.0	0.0	0.0	0.0	0.0	0.0	0.0	0.0	0.0	0.0	0.0	-1.0	0.0	0.0	80.0	1.0	0.0	0.0	0.0	80.0	0.0	0.0	0.0	0.0	0.0	80.0	0.0	0.0	0.0	0.0	0.0	0.0	0.0	0.0	0.0	0.0	1.3333333333333333	0.0	80.0	0.0	80.0	0.0	0.0	0.0	0.0	80.0	80.0	0.0	-1.0	0.0	0.0	0.0	0.0
C20791531	0	0.0	0.0	0.0	0.0	0.0	0.0	0.0	0.0	0.0	0.0	0.0	0.0	0.0	0.0	0.0	0.0	0.0	0.0	0.0	0.0	0.0	0.0	80.0	0.0	0.0	80.0	0.0	0.0	0.0	1.0	0.0	0.0	0.0	0.0	0.0	0.0	1.0	0.0	0.0	0.0	0.0	0.0	0.0	0.0	0.0	0.0	0.0	0.0	0.0	0.0	0.0	0.0	0.0	0.0	0.0	0.0	0.0	0.0	0.0	0.0	0.0	0.0	0.0	0.0	0.0	0.0	0.0	80.0	80.0	0.0	0.0	0.0	0.0	80.0	0.0	0.0	0.0	0.0	0.0	80.0	0.0	-1.0	0.0	0.0	80.0	0.0	0.0	0.0	0.0	80.0	0.0	0.0	80.0	0.0	0.0	0.0	0.0	0.0	0.0	0.0	0.0	0.0	0.0	0.0	80.0	0.0	1.0	0.0	0.0	80.0	0.0	0.0	0.0	80.0	0.0	0.0	0.0	80.0	0.0	0.0	0.0	0.0	0.0	0.0	0.0	1.0	0.0	0.0	-0.5	80.0	0.0	80.0	0.0	0.0	0.0	0.0	0.0	0.0	-1.0	80.0	1.3333333333333333	0.0	80.0	0.0	0.0	0.0	0.0	1.0	0.0	0.0	0.0	0.0	80.0	0.0	0.0	0.0	0.0	0.0	0.0	0.0	80.0	0.0	80.0	1.3333333333333333	80.0	0.0	0.0	-1.0	0.0	80.0	0.0	0.0	0.0	0.0	0.0	0.0	0.0	1.0	0.0	80.0	0.0	80.0	0.0	1.0	0.0	0.0	0.0	0.0	0.0	0.0	0.0	0.0	80.0	0.0	0.0	0.0	0.0	0.0	80.0	1.0	0.0	0.0	0.0	0.0	0.0	0.0	0.0	0.0	0.0	0.0	0.0	0.0	0.0	80.0	-1.0	0.0	0.0	0.0	0.0	0.0	0.0	0.0	0.0	80.0	0.0	0.0	0.0	0.0	0.0	0.0	0.0	80.0	80.0	0.0	0.0	0.0	80.0	0.0	0.0	0.0	0.0	0.0	0.0	0.0	0.0	0.0	0.0	0.0	0.0	0.0	0.0	0.0	0.0	0.0	0.0	0.0
C39124420	0	80.0	0.0	0.0	0.0	0.0	0.0	0.0	0.0	0.0	0.0	80.0	0.0	0.0	0.0	80.0	0.0	0.0	0.0	0.0	0.0	0.0	0.0	0.0	0.0	0.0	0.0	0.0	0.0	0.0	1.0	0.0	80.0	0.0	0.0	0.0	0.0	0.0	80.0	0.0	0.0	0.0	0.0	0.0	0.0	0.0	0.0	0.0	0.0	0.0	0.0	0.0	0.0	0.0	0.0	0.0	0.0	80.0	0.0	1.0	0.0	80.0	0.0	0.0	0.0	0.0	0.0	80.0	80.0	0.0	0.0	0.0	0.0	0.0	80.0	1.3333333333333333	0.0	80.0	0.0	0.0	0.0	0.0	-1.0	0.0	0.0	0.0	0.0	0.0	0.0	0.0	0.0	0.0	0.0	0.0	0.0	0.0	0.0	0.0	80.0	80.0	0.0	0.0	0.0	0.0	0.0	0.0	0.0	1.0	0.0	80.0	80.0	80.0	0.0	0.0	0.0	0.0	0.0	80.0	0.0	0.0	1.3333333333333333	0.0	1.3333333333333333	0.0	0.0	0.0	1.0	0.0	0.0	-0.5	0.0	0.0	0.0	0.0	0.0	0.0	0.0	0.0	0.0	0.0	80.0	0.0	0.0	0.0	0.0	0.0	0.0	80.0	1.0	0.0	0.0	0.0	80.0	0.0	80.0	0.0	0.0	80.0	0.0	-1.0	80.0	0.0	0.0	0.0	0.0	0.0	80.0	0.0	0.0	80.0	0.0	0.0	0.0	0.0	0.0	0.0	0.0	0.0	0.0	0.0	0.0	0.0	0.0	0.0	1.0	0.0	0.0	0.0	0.0	0.0	80.0	0.0	0.0	0.0	0.0	0.0	0.0	0.0	0.0	0.0	0.0	0.0	0.0	80.0	80.0	80.0	0.0	0.0	80.0	0.0	0.0	0.0	80.0	0.0	0.0	-1.0	0.0	0.0	0.0	0.0	0.0	0.0	0.0	0.0	0.0	0.0	0.0	0.0	0.0	0.0	80.0	0.0	0.0	0.0	80.0	0.0	0.0	0.0	80.0	0.0	0.0	0.0	0.0	0.0	0.0	0.0	0.0	0.0	0.0	0.0	0.0	80.0	0.0	0.0	0.0	0.0	0.0
C50199220	0	0.0	0.0	80.0	0.0	0.0	0.0	0.0	80.0	0.0	0.0	0.0	80.0	80.0	0.0	0.0	80.0	0.0	0.0	0.0	0.0	0.0	0.0	0.0	0.0	0.0	0.0	0.0	0.0	0.0	0.0	0.0	0.0	0.0	-80.0	0.0	0.0	0.0	0.0	1.0	-1.0	0.0	0.0	0.0	0.0	0.0	1.0	80.0	0.0	0.0	0.0	0.0	0.0	0.0	0.0	0.0	0.0	0.0	80.0	1.0	0.0	0.0	0.0	0.0	0.0	0.0	0.0	0.0	0.0	0.0	80.0	0.0	0.0	0.0	0.0	0.0	0.0	0.0	0.0	0.0	0.0	-1.0	-1.0	0.0	0.0	80.0	0.0	0.0	0.0	0.0	80.0	0.0	80.0	0.0	0.0	1.3333333333333333	0.0	0.0	0.0	80.0	0.0	-80.0	80.0	0.0	0.0	0.0	0.0	0.0	1.0	0.0	0.0	0.0	0.0	0.0	0.0	0.0	0.0	0.0	0.0	0.0	0.0	0.0	0.0	-1.0	0.0	0.0	1.0	80.0	0.0	0.5	0.0	0.0	0.0	0.0	0.0	0.0	0.0	0.0	0.0	0.0	0.0	0.0	0.0	0.0	80.0	1.0	0.0	80.0	0.0	0.0	80.0	0.0	0.0	0.0	0.0	0.0	0.0	0.0	0.0	0.0	0.0	0.0	0.0	0.0	1.3333333333333333	0.0	0.0	0.0	-1.0	0.0	0.0	0.0	0.0	0.0	80.0	0.0	0.0	0.0	1.0	80.0	0.0	0.0	0.0	1.0	0.0	0.0	0.0	0.0	1.3333333333333333	1.0	0.0	0.0	0.0	0.0	0.0	0.0	0.0	1.3333333333333333	0.0	0.0	1.0	0.0	0.0	0.0	0.0	80.0	0.0	0.0	0.0	0.0	0.0	0.0	0.0	0.0	0.0	-1.0	0.0	0.0	0.0	0.0	0.0	0.0	0.0	0.0	0.0	0.0	0.0	0.0	0.0	0.0	0.0	0.0	0.0	0.0	0.0	0.0	80.0	0.0	0.0	0.0	0.0	0.0	0.0	0.0	0.0	80.0	0.0	0.0	0.0	0.0	0.0	0.0	0.0	0.0	80.0	0.0	0.0
C62985573	0	0.0	0.0	0.0	0.0	0.0	0.0	0.0	0.0	80.0	0.0	0.0	80.0	80.0	0.0	0.0	0.0	0.0	0.0	0.0	0.0	0.0	0.0	0.0	0.0	0.0	0.0	0.0	0.0	0.0	1.0	0.0	0.0	0.0	0.0	80.0	0.0	0.0	80.0	0.0	0.0	80.0	0.0	80.0	0.0	0.0	1.0	0.0	0.0	0.0	0.0	0.0	0.0	0.0	0.0	80.0	0.0	0.0	0.0	0.0	0.0	0.0	0.0	80.0	0.0	0.0	0.0	0.0	0.0	0.0	0.0	0.0	0.0	0.0	0.0	0.0	80.0	0.0	0.0	0.0	80.0	-1.0	-1.0	0.0	0.0	0.0	0.0	0.0	0.0	0.0	0.0	1.0	0.0	0.0	0.0	1.3333333333333333	0.0	0.0	0.0	0.0	0.0	0.0	0.0	0.0	0.0	0.0	0.0	0.0	0.0	0.0	0.0	80.0	0.0	0.0	0.0	0.0	0.0	0.0	0.0	0.0	0.0	0.0	1.3333333333333333	-1.0	0.0	0.0	1.0	0.0	0.0	-0.5	0.0	0.0	0.0	0.0	0.0	0.0	0.0	0.0	0.0	0.0	0.0	1.3333333333333333	80.0	0.0	0.0	1.0	0.0	0.0	0.0	0.0	80.0	0.0	0.0	0.0	0.0	0.0	80.0	0.0	0.0	0.0	0.0	0.0	80.0	0.0	0.0	0.0	0.0	0.0	0.0	80.0	0.0	0.0	0.0	0.0	0.0	0.0	0.0	80.0	0.0	0.0	80.0	0.0	0.0	1.0	1.0	0.0	0.0	0.0	0.0	0.0	0.0	0.0	0.0	0.0	0.0	0.0	0.0	1.3333333333333333	0.0	0.0	0.0	1.0	0.0	0.0	80.0	0.0	0.0	0.0	0.0	0.0	80.0	0.0	0.0	0.0	0.0	-1.0	0.0	0.0	80.0	1.0	0.0	80.0	0.0	80.0	0.0	80.0	80.0	0.0	80.0	0.0	0.0	0.0	0.0	0.0	0.0	80.0	0.0	0.0	80.0	0.0	0.0	0.0	0.0	0.0	0.0	0.0	0.0	0.0	0.0	0.0	0.0	0.0	0.0	80.0	0.0	0.0	1.0
C66952596	0	0.0	0.0	0.0	0.0	1.0	0.0	80.0	0.0	0.0	0.0	0.0	80.0	0.0	0.0	0.0	0.0	0.0	0.0	0.0	0.0	0.0	0.0	0.0	0.0	80.0	0.0	0.0	0.0	0.0	0.0	80.0	0.0	0.0	-80.0	80.0	80.0	1.0	0.0	0.0	0.0	0.0	0.0	80.0	0.0	80.0	0.0	80.0	0.0	0.0	0.0	0.0	0.0	80.0	0.0	0.0	0.0	80.0	0.0	1.0	80.0	0.0	80.0	0.0	0.0	1.0	0.0	0.0	0.0	0.0	0.0	0.0	0.0	0.0	0.0	0.0	0.0	0.0	0.0	0.0	0.0	0.0	0.0	0.0	0.0	0.0	0.0	0.0	0.0	0.0	0.0	1.0	0.0	0.0	0.0	1.3333333333333333	0.0	0.0	0.0	0.0	0.0	0.0	0.0	0.0	0.0	0.0	0.0	1.0	0.0	0.0	0.0	0.0	0.0	0.0	0.0	0.0	0.0	0.0	80.0	0.0	1.3333333333333333	0.0	0.0	-1.0	80.0	0.0	1.0	0.0	0.0	0.5	80.0	80.0	0.0	0.0	80.0	0.0	0.0	0.0	0.0	0.0	0.0	0.0	0.0	0.0	0.0	1.0	0.0	80.0	0.0	80.0	0.0	0.0	80.0	0.0	0.0	0.0	0.0	0.0	0.0	0.0	0.0	80.0	80.0	0.0	0.0	0.0	0.0	80.0	0.0	0.0	0.0	0.0	0.0	1.0	0.0	0.0	1.0	0.0	0.0	0.0	0.0	80.0	0.0	1.0	0.0	0.0	0.0	0.0	0.0	1.0	80.0	0.0	80.0	0.0	0.0	0.0	0.0	0.0	80.0	0.0	0.0	1.0	0.0	80.0	0.0	80.0	0.0	0.0	0.0	0.0	0.0	0.0	0.0	80.0	0.0	0.0	80.0	0.0	0.0	1.0	0.0	0.0	0.0	0.0	0.0	0.0	0.0	0.0	0.0	0.0	0.0	0.0	0.0	0.0	80.0	0.0	0.0	0.0	0.0	80.0	0.0	0.0	80.0	0.0	80.0	0.0	0.0	80.0	0.0	0.0	0.0	0.0	-1.0	0.0	80.0	0.0	0.0
C06058873	0	0.0	0.0	0.0	0.0	0.0	0.0	80.0	0.0	80.0	0.0	80.0	0.0	0.0	0.0	0.0	0.0	0.0	0.0	0.0	80.0	0.0	80.0	0.0	0.0	0.0	0.0	0.0	80.0	0.0	1.0	80.0	0.0	0.0	-80.0	0.0	0.0	0.0	0.0	0.0	-1.0	0.0	80.0	0.0	80.0	0.0	0.0	80.0	0.0	0.0	0.0	0.0	0.0	0.0	80.0	0.0	0.0	0.0	0.0	1.0	0.0	80.0	0.0	80.0	0.0	0.0	0.0	0.0	0.0	0.0	0.0	80.0	0.0	0.0	0.0	1.3333333333333333	0.0	80.0	0.0	0.0	80.0	-1.0	0.0	0.0	0.0	80.0	0.0	80.0	0.0	0.0	0.0	1.0	0.0	0.0	0.0	0.0	0.0	0.0	0.0	0.0	0.0	0.0	0.0	0.0	0.0	0.0	0.0	0.0	1.0	80.0	0.0	0.0	0.0	0.0	0.0	1.0	0.0	0.0	80.0	0.0	0.0	0.0	0.0	0.0	0.0	80.0	0.0	0.0	0.0	0.5	0.0	80.0	0.0	0.0	0.0	80.0	80.0	1.0	0.0	-1.0	0.0	0.0	80.0	0.0	0.0	0.0	0.0	0.0	0.0	0.0	80.0	0.0	0.0	0.0	0.0	0.0	0.0	0.0	0.0	-1.0	0.0	0.0	80.0	80.0	0.0	80.0	0.0	0.0	0.0	0.0	0.0	0.0	0.0	1.0	80.0	0.0	0.0	0.0	0.0	0.0	80.0	0.0	0.0	0.0	0.0	0.0	0.0	1.0	1.3333333333333333	1.0	80.0	0.0	0.0	0.0	0.0	0.0	0.0	0.0	0.0	0.0	0.0	0.0	0.0	0.0	0.0	0.0	0.0	0.0	0.0	80.0	0.0	0.0	0.0	80.0	80.0	0.0	0.0	0.0	80.0	1.0	0.0	0.0	0.0	0.0	0.0	0.0	80.0	0.0	0.0	0.0	0.0	0.0	80.0	0.0	80.0	0.0	0.0	0.0	80.0	0.0	0.0	0.0	0.0	80.0	80.0	0.0	80.0	0.0	0.0	80.0	0.0	80.0	-1.0	0.0	80.0	0.0	0.0
C36827961	0	0.0	0.0	80.0	0.0	0.0	0.0	80.0	0.0	0.0	0.0	0.0	0.0	0.0	80.0	0.0	0.0	0.0	0.0	80.0	0.0	0.0	0.0	0.0	0.0	0.0	0.0	0.0	0.0	0.0	0.0	0.0	0.0	0.0	-80.0	0.0	0.0	0.0	0.0	0.0	-1.0	0.0	80.0	0.0	0.0	0.0	0.0	0.0	0.0	0.0	0.0	0.0	0.0	0.0	0.0	0.0	0.0	0.0	0.0	0.0	0.0	0.0	0.0	0.0	0.0	1.0	0.0	0.0	80.0	0.0	0.0	0.0	0.0	0.0	0.0	1.3333333333333333	80.0	0.0	80.0	0.0	0.0	-1.0	0.0	0.0	0.0	80.0	0.0	0.0	0.0	80.0	0.0	0.0	0.0	0.0	0.0	0.0	0.0	80.0	0.0	0.0	80.0	0.0	0.0	0.0	0.0	0.0	0.0	0.0	0.0	0.0	0.0	0.0	0.0	80.0	0.0	0.0	0.0	0.0	0.0	0.0	0.0	0.0	0.0	0.0	0.0	0.0	0.0	0.0	0.0	-0.5	0.0	0.0	0.0	0.0	0.0	0.0	0.0	0.0	0.0	-1.0	0.0	1.3333333333333333	0.0	80.0	0.0	0.0	0.0	0.0	1.0	0.0	0.0	0.0	0.0	0.0	0.0	0.0	0.0	0.0	0.0	-1.0	0.0	0.0	0.0	0.0	0.0	0.0	0.0	0.0	0.0	0.0	0.0	0.0	80.0	1.0	0.0	0.0	1.0	0.0	1.0	0.0	0.0	0.0	0.0	0.0	0.0	0.0	0.0	1.0	0.0	1.0	0.0	0.0	0.0	80.0	0.0	0.0	0.0	0.0	0.0	0.0	1.0	0.0	80.0	0.0	0.0	0.0	0.0	0.0	0.0	0.0	0.0	0.0	0.0	0.0	0.0	0.0	0.0	80.0	80.0	0.0	0.0	80.0	0.0	0.0	0.0	0.0	0.0	80.0	0.0	80.0	0.0	0.0	0.0	0.0	0.0	0.0	0.0	0.0	0.0	80.0	0.0	0.0	0.0	0.0	0.0	0.0	0.0	0.0	0.0	0.0	0.0	0.0	0.0	0.0	80.0	0.0	1.0
C62364783	0	0.0	0.0	0.0	0.0	0.0	0.0	0.0	0.0	0.0	0.0	0.0	0.0	0.0	0.0	0.0	0.0	0.0	0.0	80.0	80.0	0.0	0.0	0.0	0.0	0.0	0.0	0.0	0.0	0.0	1.0	0.0	0.0	0.0	-80.0	0.0	0.0	0.0	0.0	0.0	-1.0	0.0	0.0	0.0	80.0	0.0	1.0	0.0	0.0	0.0	80.0	0.0	0.0	0.0	0.0	0.0	0.0	0.0	0.0	0.0	0.0	0.0	0.0	0.0	0.0	0.0	0.0	0.0	0.0	0.0	0.0	0.0	0.0	80.0	0.0	0.0	0.0	0.0	0.0	0.0	0.0	-1.0	0.0	0.0	80.0	0.0	0.0	0.0	0.0	0.0	0.0	0.0	0.0	80.0	0.0	0.0	0.0	0.0	0.0	0.0	0.0	0.0	80.0	0.0	0.0	0.0	80.0	0.0	0.0	0.0	80.0	0.0	0.0	0.0	0.0	0.0	0.0	0.0	0.0	0.0	0.0	0.0	0.0	0.0	0.0	0.0	0.0	0.0	0.0	0.5	0.0	80.0	0.0	0.0	0.0	80.0	0.0	0.0	0.0	-1.0	0.0	0.0	0.0	0.0	0.0	0.0	80.0	0.0	1.0	0.0	80.0	0.0	0.0	0.0	0.0	0.0	0.0	0.0	0.0	-1.0	0.0	0.0	0.0	0.0	0.0	0.0	0.0	0.0	0.0	0.0	0.0	0.0	0.0	1.0	0.0	0.0	1.0	0.0	1.0	0.0	0.0	0.0	0.0	0.0	0.0	0.0	0.0	0.0	0.0	1.0	0.0	0.0	0.0	0.0	0.0	0.0	0.0	1.3333333333333333	80.0	0.0	0.0	1.0	0.0	0.0	0.0	0.0	80.0	0.0	0.0	80.0	0.0	0.0	0.0	0.0	80.0	-1.0	0.0	80.0	0.0	0.0	0.0	0.0	0.0	0.0	0.0	0.0	0.0	0.0	0.0	0.0	0.0	0.0	0.0	0.0	80.0	0.0	0.0	0.0	0.0	0.0	0.0	0.0	0.0	0.0	0.0	0.0	0.0	0.0	0.0	0.0	0.0	0.0	-1.0	0.0	0.0	0.0	1.0
C15938397	0	0.0	0.0	0.0	0.0	0.0	0.0	0.0	0.0	80.0	0.0	0.0	0.0	0.0	80.0	80.0	0.0	80.0	0.0	0.0	80.0	0.0	0.0	0.0	0.0	0.0	0.0	0.0	0.0	0.0	1.0	80.0	80.0	0.0	0.0	0.0	0.0	0.0	0.0	0.0	0.0	0.0	0.0	0.0	0.0	0.0	0.0	0.0	0.0	0.0	0.0	0.0	0.0	0.0	0.0	0.0	0.0	0.0	0.0	0.0	0.0	0.0	80.0	0.0	0.0	1.0	0.0	0.0	0.0	0.0	0.0	0.0	0.0	0.0	0.0	0.0	0.0	0.0	0.0	0.0	0.0	-1.0	0.0	0.0	80.0	0.0	0.0	0.0	80.0	0.0	0.0	1.0	0.0	0.0	0.0	0.0	0.0	0.0	0.0	0.0	0.0	0.0	0.0	80.0	0.0	0.0	0.0	0.0	0.0	0.0	0.0	80.0	0.0	0.0	80.0	0.0	0.0	0.0	0.0	0.0	0.0	0.0	0.0	-1.0	0.0	0.0	0.0	0.0	0.0	0.5	0.0	0.0	0.0	0.0	0.0	80.0	0.0	0.0	0.0	-1.0	0.0	1.3333333333333333	0.0	0.0	80.0	1.0	0.0	0.0	0.0	80.0	0.0	0.0	0.0	0.0	0.0	0.0	0.0	0.0	0.0	-1.0	0.0	0.0	0.0	0.0	0.0	0.0	0.0	80.0	-1.0	80.0	0.0	80.0	0.0	0.0	0.0	0.0	0.0	80.0	1.0	0.0	0.0	0.0	0.0	0.0	0.0	0.0	0.0	1.0	1.3333333333333333	0.0	0.0	0.0	0.0	0.0	0.0	0.0	0.0	0.0	0.0	0.0	0.0	0.0	80.0	0.0	0.0	0.0	0.0	0.0	0.0	0.0	80.0	0.0	0.0	0.0	80.0	0.0	0.0	0.0	0.0	1.0	0.0	80.0	0.0	0.0	0.0	0.0	0.0	0.0	0.0	0.0	0.0	0.0	0.0	0.0	0.0	0.0	80.0	0.0	0.0	0.0	0.0	0.0	0.0	0.0	0.0	0.0	0.0	0.0	0.0	0.0	0.0	0.0	0.0	0.0	0.0	0.0	0.0
C43933405	0	0.0	1.0	0.0	80.0	1.0	0.0	0.0	80.0	0.0	0.0	0.0	0.0	0.0	80.0	0.0	0.0	80.0	0.0	0.0	0.0	0.0	80.0	0.0	0.0	0.0	0.0	0.0	80.0	0.0	0.0	0.0	0.0	0.0	0.0	0.0	0.0	0.0	0.0	1.0	0.0	0.0	0.0	0.0	0.0	0.0	0.0	80.0	0.0	0.0	80.0	0.0	80.0	0.0	0.0	0.0	0.0	80.0	0.0	0.0	0.0	0.0	0.0	0.0	0.0	0.0	0.0	0.0	80.0	0.0	0.0	80.0	0.0	0.0	0.0	1.3333333333333333	0.0	0.0	0.0	0.0	0.0	-1.0	-1.0	0.0	0.0	0.0	0.0	0.0	0.0	0.0	0.0	1.0	0.0	0.0	0.0	0.0	0.0	0.0	0.0	0.0	0.0	0.0	0.0	0.0	0.0	0.0	0.0	1.0	0.0	0.0	0.0	0.0	0.0	0.0	0.0	1.0	0.0	0.0	80.0	0.0	0.0	0.0	0.0	-1.0	0.0	0.0	1.0	0.0	0.0	0.5	0.0	80.0	0.0	80.0	0.0	0.0	0.0	1.0	0.0	0.0	80.0	0.0	0.0	0.0	80.0	0.0	0.0	0.0	0.0	0.0	0.0	0.0	0.0	0.0	0.0	0.0	0.0	0.0	80.0	0.0	0.0	0.0	0.0	0.0	1.3333333333333333	0.0	0.0	0.0	0.0	0.0	0.0	0.0	0.0	0.0	0.0	0.0	0.0	0.0	0.0	0.0	0.0	0.0	0.0	0.0	1.0	0.0	0.0	0.0	0.0	0.0	0.0	0.0	0.0	0.0	0.0	0.0	0.0	0.0	0.0	80.0	1.0	0.0	0.0	0.0	0.0	0.0	0.0	0.0	0.0	0.0	80.0	0.0	0.0	0.0	80.0	-1.0	0.0	0.0	0.0	0.0	0.0	0.0	0.0	80.0	0.0	0.0	0.0	0.0	0.0	0.0	80.0	0.0	80.0	0.0	0.0	0.0	0.0	0.0	0.0	0.0	1.3333333333333333	80.0	0.0	0.0	0.0	80.0	0.0	0.0	0.0	0.0	0.0	0.0	-1.0	0.0	0.0	0.0	0.0
C54646361	0	0.0	1.0	0.0	0.0	0.0	0.0	0.0	0.0	0.0	0.0	0.0	0.0	0.0	0.0	0.0	0.0	0.0	80.0	0.0	0.0	0.0	80.0	80.0	0.0	0.0	0.0	0.0	0.0	0.0	0.0	0.0	0.0	0.0	0.0	0.0	0.0	1.0	0.0	0.0	0.0	0.0	0.0	0.0	0.0	0.0	0.0	0.0	0.0	80.0	0.0	0.0	0.0	0.0	0.0	80.0	0.0	0.0	80.0	0.0	0.0	80.0	0.0	0.0	0.0	0.0	0.0	0.0	0.0	0.0	0.0	80.0	0.0	0.0	0.0	0.0	0.0	80.0	0.0	80.0	0.0	0.0	0.0	0.0	0.0	0.0	80.0	0.0	0.0	0.0	0.0	0.0	0.0	80.0	0.0	0.0	0.0	0.0	0.0	80.0	0.0	0.0	0.0	0.0	80.0	0.0	0.0	0.0	0.0	0.0	0.0	0.0	0.0	0.0	0.0	0.0	0.0	0.0	0.0	0.0	0.0	0.0	0.0	0.0	0.0	0.0	1.0	0.0	80.0	0.5	0.0	0.0	80.0	0.0	0.0	0.0	0.0	0.0	0.0	0.0	0.0	0.0	0.0	0.0	0.0	0.0	0.0	0.0	0.0	0.0	80.0	0.0	0.0	0.0	0.0	1.3333333333333333	80.0	0.0	0.0	0.0	80.0	0.0	0.0	0.0	0.0	0.0	0.0	80.0	0.0	0.0	80.0	0.0	80.0	0.0	0.0	0.0	0.0	0.0	0.0	0.0	0.0	0.0	0.0	0.0	0.0	0.0	0.0	0.0	0.0	0.0	0.0	0.0	0.0	0.0	0.0	0.0	0.0	0.0	80.0	0.0	0.0	0.0	0.0	0.0	80.0	0.0	0.0	80.0	0.0	0.0	0.0	0.0	0.0	0.0	80.0	0.0	0.0	0.0	0.0	1.0	80.0	0.0	0.0	0.0	0.0	0.0	0.0	0.0	80.0	0.0	0.0	0.0	0.0	0.0	0.0	0.0	0.0	0.0	0.0	0.0	1.3333333333333333	0.0	80.0	0.0	0.0	0.0	0.0	0.0	0.0	0.0	0.0	80.0	0.0	0.0	80.0	0.0	1.0
C63855522	0	80.0	1.0	80.0	0.0	1.0	0.0	0.0	0.0	0.0	0.0	0.0	0.0	0.0	80.0	0.0	0.0	0.0	0.0	0.0	80.0	0.0	0.0	0.0	0.0	80.0	0.0	0.0	0.0	80.0	1.0	0.0	0.0	0.0	0.0	0.0	0.0	1.0	0.0	1.0	-1.0	0.0	0.0	0.0	80.0	0.0	0.0	80.0	80.0	0.0	0.0	0.0	0.0	80.0	0.0	0.0	0.0	0.0	80.0	1.0	0.0	0.0	0.0	0.0	1.0	0.0	0.0	0.0	0.0	0.0	0.0	0.0	80.0	0.0	0.0	1.3333333333333333	0.0	80.0	0.0	80.0	0.0	0.0	0.0	0.0	0.0	80.0	0.0	80.0	0.0	0.0	0.0	1.0	0.0	0.0	80.0	0.0	0.0	0.0	80.0	0.0	0.0	0.0	0.0	80.0	0.0	0.0	0.0	1.0	1.0	0.0	80.0	0.0	0.0	0.0	0.0	0.0	0.0	0.0	0.0	80.0	0.0	0.0	0.0	0.0	0.0	0.0	0.0	0.0	0.0	-0.5	0.0	0.0	80.0	0.0	0.0	0.0	80.0	0.0	0.0	0.0	0.0	1.3333333333333333	0.0	0.0	0.0	0.0	0.0	0.0	0.0	0.0	0.0	0.0	0.0	80.0	0.0	1.3333333333333333	0.0	0.0	80.0	0.0	0.0	0.0	0.0	0.0	0.0	0.0	0.0	0.0	0.0	80.0	0.0	80.0	0.0	1.0	0.0	0.0	0.0	0.0	0.0	0.0	0.0	0.0	80.0	1.0	0.0	80.0	0.0	0.0	0.0	0.0	0.0	0.0	0.0	0.0	0.0	0.0	0.0	0.0	0.0	0.0	1.0	1.0	0.0	80.0	0.0	0.0	0.0	0.0	0.0	0.0	0.0	80.0	0.0	0.0	0.0	-1.0	0.0	80.0	0.0	0.0	0.0	0.0	80.0	0.0	80.0	0.0	80.0	0.0	0.0	0.0	80.0	0.0	0.0	0.0	0.0	0.0	0.0	0.0	0.0	0.0	0.0	0.0	0.0	0.0	0.0	0.0	0.0	0.0	0.0	80.0	0.0	0.0	0.0	0.0	80.0	0.0	0.0
C61511912	0	0.0	1.0	0.0	0.0	0.0	0.0	0.0	0.0	80.0	0.0	0.0	0.0	0.0	0.0	0.0	0.0	0.0	0.0	0.0	0.0	0.0	0.0	0.0	80.0	0.0	80.0	0.0	0.0	0.0	0.0	0.0	0.0	0.0	0.0	0.0	0.0	0.0	0.0	1.0	-1.0	0.0	0.0	0.0	0.0	0.0	0.0	80.0	0.0	0.0	0.0	0.0	0.0	0.0	0.0	0.0	0.0	0.0	80.0	0.0	0.0	0.0	0.0	80.0	0.0	0.0	0.0	0.0	0.0	80.0	0.0	0.0	0.0	0.0	0.0	0.0	0.0	0.0	0.0	0.0	80.0	0.0	0.0	80.0	80.0	0.0	0.0	80.0	80.0	0.0	0.0	0.0	0.0	0.0	0.0	0.0	80.0	0.0	0.0	0.0	0.0	0.0	0.0	0.0	80.0	80.0	0.0	0.0	0.0	0.0	0.0	0.0	0.0	0.0	0.0	0.0	0.0	0.0	0.0	0.0	0.0	0.0	0.0	0.0	0.0	0.0	0.0	0.0	0.0	-0.5	0.0	0.0	80.0	0.0	0.0	0.0	0.0	0.0	0.0	-1.0	0.0	1.3333333333333333	0.0	0.0	0.0	1.0	0.0	80.0	0.0	0.0	0.0	0.0	0.0	0.0	0.0	0.0	0.0	0.0	0.0	-1.0	0.0	0.0	80.0	80.0	1.3333333333333333	0.0	0.0	0.0	-1.0	0.0	0.0	0.0	0.0	0.0	0.0	0.0	0.0	0.0	0.0	0.0	80.0	0.0	0.0	0.0	0.0	0.0	80.0	1.0	0.0	1.0	80.0	0.0	0.0	0.0	0.0	0.0	0.0	0.0	0.0	0.0	0.0	0.0	80.0	80.0	80.0	0.0	0.0	0.0	0.0	0.0	0.0	0.0	0.0	0.0	80.0	0.0	0.0	80.0	0.0	1.0	0.0	0.0	0.0	0.0	0.0	0.0	0.0	0.0	0.0	0.0	80.0	0.0	0.0	0.0	0.0	0.0	80.0	0.0	0.0	0.0	0.0	0.0	0.0	0.0	0.0	0.0	0.0	0.0	0.0	0.0	0.0	0.0	-1.0	0.0	0.0	0.0	0.0
C40766539	0	0.0	1.0	0.0	0.0	1.0	0.0	0.0	0.0	0.0	0.0	0.0	0.0	0.0	0.0	0.0	0.0	0.0	80.0	80.0	0.0	0.0	0.0	0.0	0.0	0.0	0.0	0.0	80.0	0.0	1.0	0.0	0.0	0.0	0.0	0.0	0.0	1.0	80.0	0.0	-1.0	0.0	80.0	0.0	0.0	0.0	1.0	0.0	80.0	0.0	0.0	0.0	80.0	0.0	80.0	0.0	0.0	0.0	0.0	0.0	0.0	0.0	0.0	0.0	0.0	0.0	0.0	0.0	0.0	0.0	0.0	0.0	0.0	80.0	0.0	0.0	80.0	80.0	0.0	0.0	80.0	0.0	0.0	0.0	0.0	0.0	0.0	80.0	0.0	0.0	0.0	0.0	80.0	0.0	0.0	0.0	0.0	0.0	80.0	0.0	0.0	0.0	0.0	0.0	0.0	0.0	0.0	0.0	1.0	80.0	0.0	0.0	0.0	0.0	0.0	0.0	0.0	0.0	0.0	0.0	0.0	0.0	1.3333333333333333	0.0	0.0	0.0	0.0	80.0	0.0	0.5	0.0	0.0	0.0	80.0	0.0	0.0	0.0	1.0	0.0	0.0	0.0	0.0	0.0	0.0	0.0	0.0	0.0	0.0	0.0	0.0	0.0	0.0	0.0	0.0	0.0	0.0	0.0	80.0	0.0	0.0	0.0	0.0	0.0	0.0	0.0	80.0	0.0	80.0	0.0	80.0	0.0	0.0	0.0	1.0	0.0	0.0	0.0	0.0	0.0	0.0	0.0	0.0	0.0	0.0	0.0	0.0	0.0	0.0	0.0	1.0	0.0	0.0	80.0	80.0	0.0	0.0	0.0	0.0	0.0	0.0	0.0	0.0	0.0	0.0	0.0	80.0	80.0	0.0	0.0	0.0	0.0	0.0	0.0	80.0	0.0	-1.0	0.0	80.0	0.0	0.0	0.0	0.0	0.0	0.0	0.0	0.0	0.0	0.0	0.0	0.0	0.0	80.0	0.0	0.0	80.0	0.0	0.0	0.0	0.0	0.0	1.3333333333333333	0.0	0.0	0.0	0.0	80.0	80.0	0.0	0.0	0.0	0.0	0.0	0.0	0.0	0.0	0.0	0.0
C65575210	0	0.0	1.0	0.0	80.0	0.0	0.0	0.0	0.0	0.0	0.0	0.0	0.0	0.0	0.0	0.0	0.0	80.0	0.0	0.0	0.0	0.0	0.0	0.0	0.0	0.0	0.0	0.0	80.0	0.0	0.0	80.0	0.0	80.0	0.0	0.0	0.0	0.0	0.0	0.0	0.0	0.0	80.0	0.0	0.0	80.0	1.0	0.0	0.0	0.0	0.0	0.0	0.0	0.0	0.0	0.0	80.0	0.0	0.0	0.0	0.0	0.0	0.0	0.0	0.0	0.0	0.0	0.0	0.0	0.0	80.0	0.0	0.0	0.0	0.0	0.0	0.0	0.0	80.0	0.0	80.0	0.0	-1.0	0.0	0.0	0.0	80.0	0.0	0.0	0.0	0.0	0.0	0.0	80.0	0.0	0.0	80.0	80.0	0.0	0.0	0.0	0.0	0.0	0.0	0.0	0.0	0.0	1.0	0.0	0.0	80.0	80.0	0.0	0.0	0.0	1.0	0.0	80.0	0.0	0.0	0.0	80.0	1.3333333333333333	0.0	0.0	0.0	1.0	0.0	0.0	0.5	0.0	80.0	80.0	0.0	0.0	0.0	0.0	0.0	0.0	0.0	0.0	1.3333333333333333	0.0	0.0	0.0	1.0	0.0	0.0	1.0	80.0	80.0	0.0	0.0	0.0	0.0	0.0	0.0	0.0	0.0	0.0	80.0	0.0	0.0	0.0	0.0	80.0	80.0	0.0	0.0	0.0	0.0	0.0	0.0	0.0	0.0	0.0	0.0	0.0	1.0	80.0	0.0	0.0	0.0	0.0	0.0	0.0	0.0	1.0	0.0	0.0	0.0	0.0	0.0	0.0	1.0	0.0	0.0	0.0	0.0	0.0	0.0	1.0	0.0	80.0	0.0	0.0	0.0	0.0	80.0	0.0	0.0	0.0	0.0	0.0	0.0	-1.0	0.0	80.0	80.0	0.0	0.0	0.0	0.0	0.0	0.0	0.0	0.0	0.0	80.0	0.0	0.0	80.0	0.0	0.0	0.0	0.0	80.0	80.0	0.0	0.0	0.0	0.0	0.0	80.0	0.0	0.0	0.0	0.0	0.0	0.0	0.0	0.0	0.0	80.0	0.0	0.0	0.0
C38338088	0	0.0	1.0	80.0	0.0	0.0	80.0	0.0	0.0	0.0	0.0	80.0	0.0	0.0	80.0	0.0	80.0	0.0	0.0	80.0	0.0	0.0	0.0	0.0	0.0	80.0	0.0	0.0	0.0	0.0	0.0	0.0	0.0	0.0	0.0	0.0	0.0	1.0	0.0	0.0	0.0	80.0	0.0	0.0	0.0	80.0	0.0	0.0	0.0	0.0	0.0	0.0	80.0	0.0	0.0	0.0	80.0	0.0	0.0	1.0	80.0	0.0	0.0	0.0	0.0	0.0	80.0	80.0	0.0	0.0	0.0	0.0	80.0	0.0	80.0	0.0	0.0	80.0	80.0	0.0	0.0	-1.0	0.0	0.0	0.0	0.0	0.0	0.0	0.0	0.0	0.0	0.0	0.0	0.0	80.0	0.0	0.0	80.0	0.0	0.0	0.0	0.0	0.0	0.0	0.0	0.0	0.0	0.0	1.0	80.0	0.0	80.0	0.0	0.0	80.0	0.0	0.0	0.0	0.0	0.0	0.0	0.0	0.0	-1.0	0.0	0.0	0.0	0.0	0.0	-0.5	0.0	0.0	0.0	0.0	0.0	0.0	0.0	0.0	0.0	-1.0	0.0	0.0	0.0	0.0	0.0	1.0	0.0	0.0	0.0	0.0	0.0	0.0	0.0	0.0	0.0	0.0	0.0	0.0	80.0	-1.0	0.0	0.0	0.0	0.0	0.0	0.0	0.0	80.0	0.0	0.0	0.0	0.0	0.0	0.0	0.0	0.0	1.0	0.0	0.0	0.0	0.0	0.0	0.0	1.0	1.0	0.0	0.0	1.0	0.0	0.0	0.0	0.0	0.0	80.0	0.0	0.0	80.0	0.0	0.0	0.0	0.0	0.0	0.0	0.0	0.0	0.0	0.0	0.0	0.0	0.0	0.0	0.0	0.0	0.0	0.0	0.0	80.0	0.0	0.0	0.0	0.0	0.0	0.0	0.0	0.0	0.0	0.0	0.0	0.0	80.0	80.0	80.0	0.0	0.0	80.0	0.0	0.0	0.0	0.0	0.0	1.3333333333333333	0.0	0.0	0.0	0.0	0.0	0.0	0.0	0.0	80.0	0.0	80.0	-1.0	0.0	0.0	0.0	0.0
C39886213	0	0.0	1.0	0.0	0.0	0.0	0.0	0.0	0.0	0.0	0.0	0.0	0.0	0.0	0.0	0.0	0.0	0.0	0.0	0.0	0.0	80.0	0.0	0.0	0.0	0.0	80.0	0.0	80.0	0.0	0.0	0.0	80.0	0.0	0.0	0.0	0.0	1.0	0.0	0.0	0.0	0.0	80.0	0.0	80.0	0.0	0.0	80.0	0.0	0.0	0.0	0.0	0.0	0.0	0.0	0.0	0.0	0.0	80.0	1.0	80.0	0.0	80.0	80.0	1.0	0.0	80.0	0.0	80.0	0.0	0.0	0.0	80.0	0.0	0.0	0.0	0.0	0.0	0.0	0.0	0.0	-1.0	0.0	0.0	0.0	0.0	80.0	0.0	0.0	0.0	0.0	1.0	0.0	0.0	80.0	1.3333333333333333	0.0	0.0	0.0	0.0	0.0	0.0	0.0	0.0	0.0	0.0	0.0	0.0	0.0	0.0	0.0	0.0	0.0	0.0	0.0	1.0	0.0	0.0	0.0	0.0	0.0	0.0	0.0	-1.0	0.0	80.0	0.0	0.0	0.0	-0.5	80.0	0.0	0.0	0.0	80.0	0.0	0.0	1.0	80.0	0.0	0.0	0.0	0.0	0.0	0.0	0.0	0.0	0.0	1.0	0.0	0.0	0.0	80.0	0.0	0.0	0.0	0.0	0.0	0.0	-1.0	0.0	0.0	0.0	0.0	1.3333333333333333	0.0	0.0	0.0	-1.0	80.0	0.0	0.0	0.0	0.0	80.0	0.0	0.0	0.0	0.0	0.0	80.0	0.0	0.0	1.0	1.0	0.0	0.0	0.0	0.0	0.0	0.0	0.0	80.0	0.0	0.0	0.0	0.0	1.3333333333333333	0.0	0.0	1.0	0.0	0.0	80.0	80.0	80.0	0.0	0.0	80.0	0.0	80.0	0.0	0.0	0.0	80.0	0.0	80.0	0.0	0.0	0.0	0.0	0.0	0.0	0.0	0.0	0.0	0.0	0.0	0.0	0.0	80.0	0.0	0.0	0.0	0.0	0.0	0.0	0.0	0.0	0.0	0.0	80.0	80.0	0.0	0.0	0.0	0.0	0.0	0.0	0.0	80.0	0.0	-1.0	80.0	0.0	0.0	0.0
C15906413	0	0.0	0.0	0.0	80.0	0.0	0.0	0.0	0.0	0.0	0.0	0.0	0.0	0.0	0.0	0.0	0.0	0.0	80.0	0.0	0.0	0.0	80.0	80.0	80.0	0.0	0.0	0.0	0.0	80.0	1.0	0.0	80.0	0.0	-80.0	80.0	0.0	0.0	0.0	1.0	0.0	80.0	0.0	80.0	0.0	80.0	0.0	0.0	0.0	0.0	80.0	0.0	0.0	80.0	0.0	0.0	0.0	0.0	0.0	0.0	0.0	80.0	0.0	0.0	1.0	1.0	80.0	0.0	0.0	0.0	0.0	80.0	0.0	0.0	0.0	0.0	0.0	0.0	0.0	0.0	80.0	0.0	0.0	80.0	0.0	0.0	0.0	0.0	0.0	0.0	0.0	1.0	0.0	0.0	0.0	1.3333333333333333	0.0	0.0	0.0	80.0	0.0	0.0	80.0	80.0	0.0	0.0	80.0	1.0	0.0	0.0	0.0	0.0	0.0	0.0	0.0	0.0	0.0	0.0	0.0	0.0	0.0	0.0	0.0	0.0	0.0	0.0	0.0	0.0	0.0	-0.5	0.0	0.0	80.0	0.0	80.0	0.0	80.0	1.0	0.0	0.0	0.0	0.0	0.0	0.0	0.0	0.0	0.0	0.0	0.0	0.0	0.0	0.0	0.0	0.0	0.0	0.0	80.0	0.0	0.0	-1.0	0.0	0.0	0.0	0.0	1.3333333333333333	0.0	0.0	0.0	0.0	0.0	0.0	0.0	0.0	0.0	0.0	80.0	1.0	80.0	0.0	0.0	0.0	0.0	0.0	0.0	0.0	80.0	0.0	0.0	0.0	0.0	0.0	0.0	0.0	0.0	1.0	0.0	0.0	1.3333333333333333	0.0	0.0	0.0	0.0	0.0	0.0	0.0	0.0	0.0	0.0	0.0	0.0	80.0	0.0	0.0	0.0	80.0	0.0	80.0	0.0	0.0	0.0	0.0	0.0	80.0	0.0	0.0	80.0	80.0	0.0	0.0	0.0	0.0	0.0	0.0	0.0	0.0	0.0	0.0	0.0	0.0	0.0	0.0	0.0	0.0	80.0	0.0	80.0	0.0	0.0	0.0	0.0	0.0	0.0	-1.0	0.0	0.0	80.0	0.0
C13197188	0	80.0	0.0	0.0	0.0	1.0	0.0	80.0	0.0	80.0	0.0	0.0	0.0	0.0	0.0	0.0	0.0	0.0	0.0	0.0	0.0	0.0	0.0	0.0	0.0	0.0	0.0	0.0	0.0	0.0	0.0	0.0	0.0	80.0	-80.0	0.0	0.0	1.0	80.0	0.0	0.0	0.0	0.0	0.0	0.0	80.0	0.0	0.0	0.0	0.0	0.0	80.0	0.0	0.0	0.0	0.0	0.0	0.0	0.0	1.0	0.0	0.0	0.0	0.0	1.0	0.0	0.0	0.0	0.0	0.0	0.0	0.0	80.0	0.0	0.0	0.0	0.0	0.0	0.0	0.0	0.0	-1.0	0.0	0.0	0.0	0.0	80.0	0.0	0.0	0.0	0.0	1.0	0.0	80.0	0.0	1.3333333333333333	0.0	0.0	80.0	0.0	0.0	0.0	0.0	0.0	0.0	0.0	0.0	0.0	1.0	0.0	0.0	0.0	0.0	0.0	0.0	0.0	0.0	80.0	0.0	0.0	1.3333333333333333	0.0	1.3333333333333333	0.0	0.0	0.0	1.0	0.0	0.0	-0.5	0.0	0.0	0.0	0.0	0.0	0.0	0.0	0.0	0.0	0.0	0.0	0.0	0.0	0.0	0.0	0.0	0.0	0.0	1.0	0.0	80.0	0.0	0.0	0.0	0.0	0.0	0.0	0.0	0.0	-1.0	80.0	0.0	0.0	0.0	1.3333333333333333	0.0	0.0	0.0	-1.0	0.0	0.0	0.0	0.0	0.0	0.0	80.0	0.0	0.0	0.0	80.0	80.0	0.0	0.0	0.0	1.0	80.0	0.0	1.0	0.0	0.0	0.0	0.0	0.0	0.0	0.0	0.0	80.0	1.3333333333333333	0.0	0.0	1.0	0.0	0.0	80.0	80.0	0.0	0.0	0.0	0.0	0.0	80.0	80.0	0.0	80.0	0.0	0.0	0.0	0.0	0.0	0.0	0.0	0.0	0.0	0.0	0.0	0.0	0.0	0.0	0.0	0.0	0.0	0.0	0.0	0.0	0.0	0.0	0.0	0.0	0.0	0.0	0.0	0.0	80.0	0.0	0.0	0.0	0.0	0.0	0.0	0.0	0.0	0.0	-1.0	0.0	0.0	0.0	0.0
C59680126	0	0.0	0.0	0.0	0.0	0.0	0.0	0.0	0.0	0.0	0.0	0.0	0.0	0.0	0.0	0.0	80.0	80.0	0.0	0.0	0.0	0.0	0.0	0.0	0.0	0.0	80.0	0.0	0.0	0.0	1.0	0.0	0.0	80.0	0.0	80.0	0.0	1.0	0.0	0.0	0.0	80.0	0.0	0.0	0.0	0.0	1.0	0.0	0.0	0.0	0.0	80.0	0.0	0.0	80.0	0.0	0.0	0.0	0.0	1.0	0.0	0.0	0.0	0.0	1.0	1.0	0.0	0.0	0.0	80.0	0.0	0.0	0.0	0.0	0.0	0.0	80.0	0.0	0.0	0.0	0.0	-1.0	0.0	0.0	0.0	0.0	80.0	0.0	80.0	0.0	0.0	0.0	0.0	80.0	0.0	0.0	0.0	0.0	80.0	0.0	0.0	0.0	0.0	0.0	0.0	80.0	0.0	0.0	1.0	0.0	0.0	0.0	80.0	0.0	0.0	0.0	80.0	0.0	0.0	0.0	0.0	80.0	0.0	0.0	0.0	80.0	1.0	0.0	0.0	0.5	0.0	80.0	0.0	0.0	80.0	0.0	0.0	0.0	0.0	0.0	0.0	0.0	0.0	0.0	0.0	1.0	0.0	0.0	1.0	0.0	0.0	80.0	0.0	80.0	0.0	0.0	80.0	0.0	0.0	-1.0	80.0	0.0	0.0	0.0	0.0	0.0	0.0	0.0	0.0	0.0	0.0	0.0	0.0	0.0	0.0	0.0	1.0	0.0	0.0	80.0	0.0	80.0	80.0	1.0	1.0	80.0	80.0	0.0	0.0	0.0	0.0	0.0	80.0	0.0	0.0	0.0	0.0	0.0	0.0	0.0	0.0	1.0	0.0	0.0	80.0	0.0	0.0	0.0	80.0	0.0	0.0	0.0	80.0	0.0	0.0	0.0	80.0	0.0	0.0	1.0	0.0	0.0	0.0	0.0	0.0	80.0	80.0	0.0	0.0	80.0	0.0	80.0	0.0	0.0	80.0	0.0	0.0	0.0	0.0	0.0	0.0	0.0	0.0	0.0	0.0	0.0	0.0	0.0	0.0	0.0	0.0	0.0	-1.0	0.0	0.0	0.0	0.0
C15084559	0	0.0	0.0	80.0	0.0	0.0	0.0	0.0	0.0	0.0	0.0	0.0	80.0	80.0	0.0	80.0	0.0	0.0	80.0	80.0	0.0	0.0	0.0	80.0	0.0	0.0	80.0	0.0	0.0	0.0	0.0	80.0	0.0	0.0	0.0	0.0	0.0	0.0	0.0	0.0	-1.0	0.0	0.0	0.0	0.0	0.0	0.0	80.0	0.0	80.0	80.0	0.0	0.0	0.0	0.0	0.0	0.0	80.0	0.0	1.0	80.0	0.0	0.0	0.0	1.0	0.0	0.0	80.0	0.0	0.0	0.0	0.0	0.0	0.0	0.0	0.0	80.0	0.0	0.0	0.0	0.0	-1.0	0.0	0.0	0.0	0.0	0.0	0.0	80.0	0.0	0.0	1.0	0.0	0.0	0.0	0.0	0.0	0.0	0.0	0.0	0.0	0.0	0.0	0.0	0.0	80.0	0.0	0.0	0.0	0.0	0.0	80.0	0.0	80.0	80.0	0.0	0.0	80.0	0.0	0.0	0.0	0.0	0.0	0.0	0.0	0.0	0.0	0.0	0.0	0.5	80.0	0.0	80.0	80.0	80.0	0.0	0.0	0.0	0.0	0.0	0.0	0.0	0.0	0.0	0.0	1.0	80.0	0.0	1.0	0.0	0.0	80.0	0.0	0.0	0.0	0.0	0.0	0.0	0.0	-1.0	0.0	0.0	0.0	80.0	1.3333333333333333	0.0	0.0	0.0	-1.0	80.0	0.0	0.0	0.0	0.0	0.0	0.0	0.0	0.0	1.0	0.0	0.0	0.0	80.0	0.0	1.0	0.0	0.0	0.0	0.0	0.0	0.0	0.0	80.0	0.0	0.0	0.0	0.0	0.0	0.0	80.0	0.0	0.0	0.0	0.0	0.0	80.0	0.0	0.0	0.0	0.0	80.0	0.0	80.0	0.0	0.0	0.0	0.0	80.0	80.0	1.0	0.0	0.0	0.0	0.0	0.0	80.0	0.0	0.0	0.0	0.0	0.0	0.0	80.0	0.0	0.0	0.0	0.0	0.0	0.0	80.0	1.3333333333333333	0.0	0.0	0.0	0.0	0.0	0.0	80.0	0.0	0.0	0.0	0.0	0.0	0.0	0.0	0.0	1.0
C63883673	0	0.0	0.0	0.0	0.0	1.0	0.0	0.0	0.0	0.0	0.0	0.0	0.0	0.0	0.0	80.0	80.0	0.0	0.0	0.0	0.0	0.0	0.0	0.0	0.0	0.0	0.0	0.0	0.0	80.0	0.0	0.0	0.0	0.0	0.0	0.0	0.0	1.0	0.0	0.0	0.0	0.0	0.0	0.0	0.0	0.0	1.0	0.0	0.0	80.0	0.0	80.0	0.0	0.0	0.0	80.0	0.0	0.0	0.0	0.0	0.0	80.0	0.0	0.0	0.0	0.0	0.0	80.0	0.0	80.0	0.0	0.0	0.0	0.0	0.0	0.0	0.0	0.0	0.0	0.0	80.0	0.0	-1.0	0.0	80.0	0.0	0.0	80.0	0.0	0.0	0.0	0.0	0.0	80.0	80.0	0.0	0.0	0.0	0.0	0.0	0.0	0.0	0.0	0.0	0.0	0.0	0.0	0.0	0.0	0.0	0.0	0.0	80.0	0.0	80.0	1.0	0.0	80.0	0.0	0.0	0.0	0.0	0.0	0.0	0.0	80.0	1.0	0.0	0.0	0.5	80.0	80.0	0.0	0.0	0.0	0.0	0.0	0.0	0.0	0.0	80.0	0.0	0.0	0.0	0.0	1.0	0.0	0.0	0.0	80.0	0.0	0.0	0.0	80.0	0.0	1.3333333333333333	0.0	80.0	0.0	0.0	0.0	0.0	80.0	80.0	0.0	0.0	0.0	0.0	-1.0	0.0	0.0	0.0	0.0	0.0	80.0	0.0	0.0	0.0	0.0	0.0	0.0	0.0	0.0	0.0	0.0	0.0	0.0	0.0	1.3333333333333333	0.0	80.0	0.0	0.0	0.0	1.0	0.0	0.0	0.0	0.0	80.0	0.0	0.0	80.0	80.0	0.0	0.0	0.0	0.0	0.0	0.0	0.0	80.0	80.0	80.0	0.0	-1.0	0.0	0.0	0.0	0.0	0.0	80.0	0.0	0.0	0.0	0.0	0.0	0.0	0.0	0.0	0.0	0.0	0.0	0.0	0.0	0.0	0.0	0.0	0.0	0.0	0.0	0.0	0.0	80.0	80.0	0.0	80.0	0.0	80.0	0.0	80.0	0.0	0.0	0.0	0.0	0.0	0.0
C02530783	0	0.0	1.0	0.0	0.0	0.0	0.0	0.0	0.0	0.0	0.0	0.0	0.0	80.0	0.0	0.0	0.0	0.0	0.0	0.0	0.0	0.0	0.0	0.0	0.0	0.0	0.0	80.0	0.0	0.0	0.0	0.0	0.0	0.0	0.0	0.0	0.0	0.0	80.0	1.0	-1.0	0.0	0.0	0.0	0.0	0.0	0.0	0.0	0.0	0.0	0.0	0.0	80.0	0.0	0.0	0.0	0.0	80.0	0.0	1.0	80.0	0.0	0.0	0.0	0.0	0.0	0.0	0.0	0.0	0.0	0.0	0.0	0.0	0.0	80.0	0.0	0.0	0.0	0.0	0.0	0.0	0.0	-1.0	0.0	0.0	0.0	80.0	0.0	80.0	0.0	0.0	0.0	0.0	0.0	0.0	0.0	0.0	0.0	0.0	0.0	0.0	0.0	0.0	0.0	0.0	0.0	0.0	0.0	0.0	0.0	0.0	0.0	0.0	0.0	0.0	1.0	0.0	80.0	0.0	0.0	0.0	0.0	0.0	0.0	0.0	0.0	0.0	0.0	0.0	-0.5	0.0	0.0	0.0	0.0	0.0	80.0	0.0	1.0	0.0	0.0	0.0	1.3333333333333333	0.0	0.0	80.0	0.0	0.0	0.0	1.0	0.0	0.0	0.0	0.0	0.0	0.0	0.0	0.0	0.0	0.0	-1.0	0.0	0.0	0.0	0.0	1.3333333333333333	0.0	80.0	0.0	0.0	0.0	80.0	0.0	0.0	0.0	0.0	0.0	0.0	0.0	0.0	0.0	0.0	0.0	0.0	0.0	0.0	0.0	0.0	0.0	0.0	0.0	0.0	0.0	80.0	0.0	0.0	80.0	0.0	0.0	0.0	0.0	1.0	0.0	0.0	0.0	0.0	0.0	0.0	0.0	0.0	0.0	0.0	0.0	0.0	0.0	0.0	-1.0	0.0	0.0	80.0	0.0	0.0	0.0	0.0	0.0	0.0	0.0	0.0	0.0	0.0	0.0	80.0	0.0	0.0	0.0	0.0	0.0	80.0	0.0	0.0	80.0	0.0	0.0	0.0	0.0	0.0	0.0	0.0	0.0	0.0	80.0	0.0	0.0	-1.0	0.0	0.0	0.0	0.0
C01710374	0	0.0	1.0	0.0	0.0	0.0	0.0	0.0	80.0	0.0	0.0	0.0	0.0	0.0	0.0	0.0	80.0	0.0	0.0	0.0	0.0	0.0	0.0	0.0	0.0	0.0	0.0	0.0	80.0	0.0	1.0	0.0	0.0	0.0	0.0	0.0	0.0	1.0	0.0	0.0	0.0	0.0	0.0	0.0	0.0	0.0	0.0	0.0	0.0	0.0	0.0	0.0	0.0	0.0	0.0	0.0	80.0	0.0	0.0	1.0	0.0	0.0	0.0	0.0	0.0	0.0	0.0	0.0	0.0	0.0	0.0	0.0	0.0	0.0	0.0	0.0	0.0	0.0	0.0	0.0	0.0	0.0	-1.0	0.0	0.0	0.0	0.0	80.0	0.0	0.0	0.0	1.0	0.0	0.0	0.0	0.0	0.0	80.0	0.0	0.0	0.0	0.0	0.0	0.0	0.0	0.0	0.0	0.0	0.0	0.0	0.0	0.0	0.0	0.0	0.0	1.0	0.0	0.0	0.0	0.0	0.0	0.0	0.0	-1.0	0.0	0.0	0.0	0.0	0.0	-0.5	0.0	0.0	0.0	0.0	0.0	0.0	0.0	1.0	0.0	0.0	0.0	0.0	0.0	0.0	0.0	0.0	0.0	0.0	0.0	0.0	0.0	0.0	0.0	0.0	0.0	0.0	0.0	0.0	0.0	-1.0	0.0	0.0	0.0	0.0	0.0	0.0	0.0	0.0	-1.0	0.0	0.0	0.0	0.0	0.0	0.0	0.0	0.0	0.0	0.0	0.0	0.0	0.0	0.0	1.0	0.0	80.0	0.0	0.0	0.0	0.0	0.0	0.0	0.0	0.0	0.0	0.0	0.0	0.0	80.0	0.0	0.0	0.0	80.0	0.0	0.0	0.0	0.0	0.0	0.0	80.0	0.0	0.0	0.0	0.0	0.0	-1.0	0.0	0.0	80.0	0.0	0.0	0.0	0.0	0.0	0.0	0.0	0.0	0.0	0.0	80.0	80.0	0.0	0.0	0.0	0.0	0.0	0.0	0.0	0.0	0.0	0.0	0.0	0.0	0.0	80.0	0.0	80.0	0.0	80.0	0.0	80.0	0.0	-1.0	0.0	0.0	80.0	0.0
C22049612	0	0.0	0.0	0.0	0.0	0.0	0.0	0.0	0.0	0.0	0.0	0.0	0.0	80.0	80.0	0.0	0.0	0.0	0.0	0.0	0.0	0.0	0.0	0.0	0.0	0.0	0.0	0.0	0.0	0.0	0.0	0.0	0.0	0.0	-80.0	0.0	0.0	0.0	0.0	0.0	0.0	80.0	0.0	0.0	0.0	0.0	0.0	80.0	0.0	0.0	0.0	0.0	0.0	0.0	80.0	0.0	0.0	0.0	80.0	0.0	0.0	0.0	0.0	0.0	0.0	0.0	0.0	80.0	0.0	0.0	0.0	0.0	0.0	0.0	0.0	1.3333333333333333	0.0	0.0	0.0	0.0	0.0	-1.0	-1.0	0.0	0.0	0.0	0.0	0.0	0.0	0.0	0.0	0.0	0.0	0.0	0.0	0.0	0.0	0.0	0.0	80.0	0.0	0.0	0.0	0.0	0.0	0.0	0.0	0.0	0.0	0.0	0.0	0.0	0.0	0.0	0.0	0.0	0.0	0.0	0.0	0.0	0.0	0.0	0.0	-1.0	0.0	0.0	1.0	0.0	0.0	-0.5	80.0	0.0	0.0	0.0	0.0	0.0	80.0	1.0	0.0	0.0	0.0	1.3333333333333333	0.0	0.0	0.0	0.0	80.0	0.0	1.0	0.0	0.0	0.0	0.0	0.0	0.0	0.0	0.0	0.0	0.0	-1.0	0.0	0.0	0.0	0.0	1.3333333333333333	0.0	80.0	0.0	0.0	0.0	80.0	0.0	0.0	0.0	0.0	0.0	0.0	0.0	0.0	0.0	0.0	0.0	0.0	1.0	0.0	0.0	0.0	0.0	1.3333333333333333	0.0	0.0	0.0	0.0	0.0	0.0	0.0	0.0	0.0	0.0	0.0	0.0	0.0	0.0	0.0	0.0	0.0	0.0	0.0	0.0	0.0	0.0	0.0	0.0	0.0	80.0	-1.0	0.0	0.0	0.0	0.0	0.0	0.0	0.0	0.0	0.0	80.0	0.0	0.0	0.0	80.0	0.0	0.0	80.0	0.0	0.0	0.0	0.0	0.0	0.0	0.0	0.0	0.0	0.0	0.0	0.0	0.0	0.0	0.0	0.0	0.0	0.0	0.0	-1.0	0.0	0.0	0.0	0.0
C62203269	0	0.0	0.0	0.0	0.0	1.0	0.0	0.0	0.0	0.0	0.0	0.0	80.0	0.0	0.0	0.0	0.0	0.0	0.0	80.0	0.0	80.0	80.0	0.0	0.0	80.0	0.0	0.0	0.0	0.0	0.0	0.0	0.0	0.0	0.0	0.0	0.0	0.0	0.0	0.0	-1.0	0.0	0.0	0.0	0.0	0.0	0.0	0.0	0.0	0.0	0.0	0.0	0.0	80.0	0.0	0.0	0.0	0.0	0.0	0.0	0.0	80.0	0.0	0.0	1.0	0.0	0.0	80.0	0.0	0.0	0.0	0.0	0.0	0.0	0.0	0.0	80.0	0.0	0.0	0.0	0.0	-1.0	0.0	0.0	80.0	80.0	80.0	0.0	0.0	0.0	0.0	0.0	0.0	80.0	80.0	0.0	0.0	0.0	0.0	0.0	0.0	0.0	0.0	0.0	0.0	0.0	80.0	0.0	1.0	0.0	0.0	0.0	80.0	80.0	0.0	0.0	0.0	0.0	0.0	0.0	0.0	0.0	0.0	0.0	0.0	80.0	0.0	0.0	0.0	-0.5	0.0	0.0	0.0	0.0	0.0	0.0	0.0	0.0	0.0	0.0	0.0	0.0	0.0	0.0	0.0	1.0	0.0	0.0	1.0	0.0	0.0	0.0	0.0	0.0	0.0	0.0	0.0	80.0	0.0	0.0	0.0	0.0	0.0	0.0	0.0	80.0	0.0	0.0	0.0	0.0	0.0	0.0	0.0	0.0	0.0	80.0	0.0	0.0	1.0	0.0	80.0	0.0	0.0	0.0	0.0	0.0	0.0	1.0	0.0	0.0	0.0	0.0	0.0	0.0	0.0	0.0	80.0	1.3333333333333333	0.0	0.0	0.0	0.0	0.0	80.0	0.0	0.0	0.0	0.0	0.0	80.0	0.0	80.0	0.0	0.0	0.0	-1.0	0.0	0.0	0.0	0.0	0.0	0.0	0.0	0.0	0.0	0.0	0.0	80.0	0.0	0.0	0.0	0.0	0.0	80.0	0.0	80.0	0.0	0.0	0.0	0.0	0.0	0.0	0.0	0.0	0.0	0.0	0.0	0.0	0.0	0.0	0.0	0.0	-1.0	0.0	0.0	0.0	0.0
C23989761	0	80.0	0.0	0.0	0.0	0.0	80.0	0.0	0.0	0.0	0.0	80.0	0.0	0.0	0.0	0.0	0.0	0.0	0.0	80.0	0.0	0.0	80.0	80.0	0.0	0.0	0.0	0.0	0.0	0.0	0.0	0.0	0.0	0.0	0.0	80.0	0.0	1.0	0.0	1.0	-1.0	0.0	0.0	0.0	0.0	0.0	0.0	0.0	0.0	0.0	0.0	0.0	80.0	80.0	0.0	0.0	0.0	80.0	0.0	1.0	0.0	0.0	0.0	0.0	1.0	1.0	0.0	0.0	0.0	0.0	0.0	0.0	0.0	0.0	0.0	0.0	0.0	0.0	0.0	0.0	0.0	0.0	-1.0	0.0	0.0	0.0	80.0	0.0	0.0	0.0	0.0	1.0	0.0	80.0	0.0	0.0	80.0	0.0	0.0	0.0	0.0	0.0	0.0	0.0	0.0	0.0	80.0	0.0	0.0	0.0	80.0	0.0	0.0	0.0	80.0	0.0	0.0	0.0	80.0	0.0	0.0	0.0	1.3333333333333333	0.0	0.0	0.0	0.0	0.0	0.0	-0.5	0.0	0.0	0.0	0.0	0.0	0.0	0.0	0.0	0.0	0.0	0.0	0.0	0.0	0.0	80.0	0.0	0.0	0.0	0.0	0.0	0.0	0.0	0.0	0.0	0.0	0.0	0.0	0.0	0.0	-1.0	80.0	80.0	0.0	0.0	1.3333333333333333	0.0	0.0	0.0	0.0	0.0	0.0	0.0	0.0	0.0	0.0	0.0	0.0	0.0	0.0	0.0	0.0	0.0	0.0	0.0	0.0	0.0	0.0	1.0	0.0	1.0	80.0	0.0	0.0	0.0	0.0	0.0	0.0	1.3333333333333333	0.0	0.0	0.0	0.0	0.0	0.0	80.0	0.0	80.0	0.0	0.0	0.0	80.0	80.0	0.0	0.0	80.0	0.0	0.0	0.0	0.0	1.0	0.0	0.0	80.0	0.0	80.0	0.0	80.0	0.0	0.0	0.0	0.0	80.0	0.0	0.0	0.0	0.0	0.0	0.0	0.0	80.0	0.0	0.0	0.0	0.0	0.0	0.0	80.0	80.0	0.0	0.0	80.0	0.0	-1.0	0.0	80.0	0.0	0.0
C04963402	0	0.0	1.0	0.0	80.0	0.0	0.0	0.0	0.0	0.0	0.0	0.0	0.0	0.0	0.0	0.0	0.0	0.0	0.0	80.0	0.0	80.0	0.0	0.0	0.0	0.0	0.0	0.0	0.0	0.0	1.0	0.0	0.0	80.0	0.0	0.0	0.0	0.0	0.0	0.0	0.0	0.0	0.0	80.0	0.0	0.0	0.0	0.0	0.0	0.0	0.0	0.0	0.0	80.0	0.0	0.0	0.0	0.0	0.0	0.0	0.0	0.0	80.0	0.0	0.0	1.0	80.0	0.0	0.0	0.0	0.0	0.0	80.0	0.0	0.0	0.0	0.0	0.0	0.0	0.0	80.0	0.0	0.0	80.0	0.0	0.0	0.0	0.0	0.0	0.0	80.0	0.0	0.0	80.0	0.0	0.0	0.0	0.0	0.0	0.0	0.0	0.0	0.0	0.0	80.0	0.0	0.0	0.0	0.0	0.0	0.0	0.0	0.0	0.0	80.0	0.0	0.0	0.0	0.0	0.0	1.3333333333333333	80.0	1.3333333333333333	0.0	0.0	0.0	0.0	80.0	0.0	-0.5	80.0	0.0	0.0	0.0	80.0	0.0	0.0	0.0	0.0	-1.0	80.0	0.0	0.0	0.0	0.0	1.0	0.0	0.0	0.0	0.0	0.0	0.0	0.0	0.0	0.0	1.3333333333333333	0.0	0.0	0.0	-1.0	0.0	80.0	0.0	0.0	0.0	80.0	0.0	0.0	0.0	0.0	0.0	0.0	0.0	1.0	0.0	0.0	0.0	0.0	0.0	0.0	0.0	80.0	0.0	1.0	0.0	0.0	0.0	0.0	0.0	1.0	80.0	0.0	0.0	0.0	0.0	80.0	80.0	0.0	0.0	0.0	0.0	0.0	0.0	0.0	0.0	0.0	0.0	80.0	0.0	0.0	80.0	0.0	0.0	0.0	0.0	-1.0	0.0	0.0	0.0	0.0	0.0	0.0	0.0	80.0	0.0	0.0	0.0	80.0	0.0	0.0	80.0	0.0	0.0	0.0	80.0	0.0	0.0	80.0	0.0	0.0	0.0	0.0	0.0	0.0	0.0	0.0	0.0	0.0	0.0	0.0	0.0	0.0	0.0	0.0	0.0	0.0	0.0
C04478165	0	0.0	0.0	0.0	0.0	0.0	0.0	0.0	80.0	0.0	80.0	80.0	0.0	0.0	0.0	0.0	80.0	0.0	0.0	0.0	0.0	0.0	0.0	0.0	0.0	0.0	0.0	0.0	80.0	80.0	0.0	80.0	0.0	0.0	0.0	0.0	0.0	0.0	80.0	0.0	-1.0	0.0	0.0	0.0	0.0	0.0	0.0	0.0	0.0	0.0	80.0	0.0	0.0	0.0	0.0	0.0	0.0	80.0	80.0	0.0	0.0	0.0	0.0	0.0	0.0	1.0	0.0	80.0	0.0	0.0	0.0	80.0	0.0	0.0	0.0	0.0	0.0	80.0	0.0	0.0	0.0	0.0	0.0	80.0	0.0	0.0	0.0	0.0	0.0	0.0	0.0	1.0	0.0	0.0	0.0	1.3333333333333333	0.0	0.0	0.0	80.0	0.0	0.0	0.0	0.0	0.0	80.0	0.0	0.0	1.0	0.0	80.0	0.0	0.0	0.0	0.0	0.0	0.0	0.0	0.0	0.0	0.0	0.0	1.3333333333333333	-1.0	0.0	0.0	0.0	0.0	0.0	0.5	0.0	0.0	0.0	0.0	0.0	0.0	0.0	0.0	0.0	0.0	80.0	0.0	0.0	0.0	0.0	0.0	0.0	80.0	1.0	0.0	0.0	0.0	0.0	0.0	0.0	0.0	0.0	0.0	0.0	0.0	0.0	0.0	0.0	0.0	0.0	0.0	80.0	0.0	0.0	0.0	0.0	0.0	0.0	1.0	0.0	0.0	0.0	0.0	0.0	0.0	0.0	80.0	0.0	0.0	0.0	0.0	0.0	0.0	0.0	0.0	0.0	0.0	80.0	0.0	0.0	0.0	0.0	1.3333333333333333	0.0	80.0	0.0	0.0	80.0	0.0	0.0	80.0	0.0	0.0	0.0	0.0	0.0	0.0	0.0	0.0	80.0	0.0	80.0	80.0	0.0	0.0	0.0	0.0	0.0	0.0	0.0	80.0	0.0	0.0	0.0	0.0	0.0	0.0	0.0	0.0	0.0	0.0	0.0	0.0	80.0	0.0	0.0	80.0	0.0	80.0	80.0	0.0	0.0	0.0	0.0	80.0	0.0	0.0	-1.0	0.0	0.0	0.0	0.0
C08299545	0	0.0	0.0	0.0	0.0	1.0	80.0	0.0	0.0	0.0	0.0	80.0	0.0	0.0	0.0	0.0	80.0	0.0	0.0	0.0	0.0	0.0	0.0	80.0	0.0	0.0	80.0	0.0	0.0	0.0	0.0	0.0	0.0	0.0	-80.0	80.0	0.0	1.0	0.0	0.0	0.0	80.0	0.0	0.0	0.0	80.0	1.0	0.0	0.0	0.0	80.0	0.0	0.0	0.0	0.0	0.0	0.0	0.0	0.0	1.0	0.0	80.0	0.0	0.0	0.0	0.0	0.0	0.0	0.0	0.0	0.0	0.0	80.0	0.0	0.0	1.3333333333333333	0.0	0.0	0.0	0.0	0.0	0.0	0.0	0.0	0.0	0.0	0.0	0.0	0.0	0.0	0.0	1.0	0.0	0.0	0.0	0.0	0.0	0.0	0.0	0.0	0.0	0.0	0.0	80.0	0.0	80.0	80.0	0.0	0.0	0.0	0.0	0.0	0.0	80.0	0.0	0.0	0.0	0.0	0.0	0.0	1.3333333333333333	80.0	1.3333333333333333	-1.0	80.0	0.0	1.0	80.0	80.0	0.5	0.0	0.0	80.0	0.0	0.0	0.0	80.0	0.0	0.0	0.0	0.0	0.0	0.0	0.0	0.0	0.0	0.0	0.0	0.0	0.0	80.0	0.0	0.0	0.0	0.0	0.0	0.0	0.0	0.0	0.0	0.0	0.0	80.0	80.0	0.0	0.0	0.0	0.0	0.0	0.0	80.0	0.0	0.0	0.0	0.0	0.0	0.0	0.0	1.0	0.0	0.0	0.0	0.0	0.0	0.0	0.0	0.0	0.0	0.0	0.0	0.0	80.0	0.0	0.0	1.0	0.0	80.0	0.0	0.0	80.0	0.0	1.0	0.0	0.0	0.0	0.0	0.0	0.0	0.0	0.0	0.0	0.0	0.0	0.0	0.0	0.0	80.0	0.0	80.0	0.0	80.0	0.0	0.0	0.0	0.0	80.0	0.0	0.0	80.0	0.0	0.0	80.0	80.0	0.0	0.0	0.0	0.0	0.0	0.0	80.0	0.0	0.0	80.0	0.0	0.0	0.0	0.0	0.0	0.0	0.0	80.0	80.0	0.0	0.0	0.0	0.0	1.0
C36666290	0	0.0	1.0	0.0	80.0	0.0	0.0	80.0	0.0	80.0	0.0	0.0	0.0	0.0	0.0	0.0	0.0	0.0	0.0	0.0	0.0	80.0	0.0	0.0	0.0	80.0	0.0	0.0	0.0	0.0	0.0	0.0	80.0	80.0	0.0	0.0	0.0	0.0	0.0	0.0	0.0	0.0	80.0	0.0	0.0	0.0	0.0	0.0	80.0	80.0	0.0	0.0	0.0	0.0	0.0	0.0	0.0	0.0	0.0	1.0	0.0	0.0	0.0	0.0	0.0	0.0	0.0	0.0	0.0	0.0	0.0	80.0	80.0	80.0	0.0	0.0	0.0	0.0	80.0	0.0	0.0	0.0	0.0	0.0	0.0	0.0	80.0	0.0	0.0	0.0	0.0	1.0	0.0	0.0	80.0	1.3333333333333333	0.0	0.0	0.0	0.0	0.0	0.0	80.0	0.0	0.0	0.0	0.0	0.0	1.0	0.0	0.0	0.0	80.0	0.0	0.0	0.0	0.0	80.0	80.0	0.0	0.0	0.0	1.3333333333333333	0.0	0.0	0.0	1.0	0.0	0.0	0.5	0.0	0.0	0.0	0.0	0.0	0.0	0.0	0.0	0.0	0.0	0.0	1.3333333333333333	0.0	0.0	0.0	1.0	0.0	0.0	0.0	0.0	0.0	80.0	0.0	0.0	0.0	0.0	0.0	0.0	0.0	-1.0	0.0	0.0	0.0	0.0	0.0	0.0	0.0	0.0	0.0	0.0	0.0	0.0	0.0	1.0	0.0	0.0	1.0	0.0	0.0	0.0	0.0	0.0	0.0	0.0	0.0	0.0	80.0	1.0	0.0	0.0	0.0	0.0	0.0	0.0	0.0	0.0	80.0	0.0	0.0	0.0	1.0	1.0	0.0	0.0	0.0	0.0	0.0	0.0	0.0	0.0	80.0	80.0	0.0	0.0	0.0	-1.0	0.0	0.0	0.0	1.0	0.0	0.0	0.0	0.0	0.0	0.0	80.0	80.0	0.0	0.0	0.0	80.0	0.0	0.0	0.0	0.0	0.0	0.0	0.0	0.0	0.0	0.0	80.0	0.0	0.0	0.0	0.0	0.0	80.0	80.0	0.0	0.0	-1.0	0.0	0.0	0.0	1.0
C39715729	0	0.0	0.0	0.0	0.0	1.0	0.0	80.0	0.0	0.0	0.0	0.0	0.0	0.0	80.0	0.0	80.0	0.0	80.0	80.0	0.0	80.0	0.0	0.0	0.0	0.0	0.0	0.0	0.0	80.0	0.0	0.0	0.0	0.0	0.0	0.0	0.0	1.0	0.0	1.0	-1.0	0.0	0.0	0.0	0.0	0.0	0.0	80.0	80.0	0.0	0.0	0.0	0.0	0.0	0.0	0.0	80.0	0.0	0.0	0.0	0.0	0.0	0.0	0.0	1.0	0.0	0.0	0.0	0.0	0.0	0.0	0.0	80.0	80.0	0.0	0.0	0.0	0.0	0.0	0.0	0.0	0.0	-1.0	0.0	80.0	0.0	0.0	0.0	0.0	0.0	80.0	0.0	0.0	0.0	0.0	0.0	0.0	80.0	0.0	0.0	0.0	-80.0	0.0	0.0	0.0	80.0	0.0	0.0	0.0	0.0	0.0	0.0	0.0	0.0	80.0	1.0	0.0	0.0	0.0	0.0	1.3333333333333333	0.0	0.0	-1.0	0.0	0.0	0.0	0.0	0.0	-0.5	80.0	0.0	80.0	0.0	0.0	0.0	0.0	0.0	0.0	-1.0	0.0	0.0	80.0	0.0	80.0	1.0	80.0	0.0	0.0	0.0	0.0	0.0	80.0	0.0	0.0	0.0	0.0	0.0	0.0	0.0	0.0	0.0	0.0	0.0	0.0	0.0	0.0	80.0	0.0	0.0	80.0	0.0	0.0	0.0	0.0	0.0	0.0	0.0	0.0	0.0	0.0	0.0	0.0	0.0	1.0	0.0	0.0	0.0	0.0	1.0	0.0	0.0	0.0	0.0	1.0	0.0	0.0	0.0	0.0	0.0	0.0	0.0	0.0	0.0	0.0	0.0	0.0	0.0	0.0	80.0	0.0	0.0	0.0	0.0	0.0	-1.0	0.0	80.0	0.0	1.0	0.0	0.0	0.0	0.0	0.0	0.0	0.0	0.0	0.0	0.0	80.0	0.0	0.0	80.0	0.0	0.0	0.0	0.0	0.0	80.0	0.0	0.0	0.0	0.0	0.0	0.0	0.0	0.0	0.0	0.0	80.0	80.0	0.0	0.0	80.0	80.0	0.0
C48948022	0	80.0	1.0	0.0	0.0	1.0	0.0	0.0	80.0	0.0	0.0	0.0	0.0	0.0	0.0	0.0	0.0	0.0	0.0	80.0	0.0	0.0	80.0	80.0	0.0	80.0	0.0	0.0	0.0	80.0	0.0	0.0	0.0	0.0	0.0	80.0	0.0	0.0	0.0	0.0	0.0	0.0	0.0	0.0	0.0	0.0	1.0	0.0	0.0	0.0	0.0	0.0	0.0	0.0	0.0	80.0	0.0	0.0	0.0	0.0	0.0	0.0	80.0	0.0	0.0	1.0	0.0	0.0	0.0	0.0	80.0	0.0	0.0	0.0	0.0	0.0	0.0	80.0	0.0	80.0	0.0	0.0	0.0	0.0	0.0	0.0	80.0	0.0	0.0	0.0	0.0	1.0	0.0	0.0	0.0	0.0	0.0	0.0	80.0	0.0	0.0	0.0	0.0	0.0	0.0	0.0	80.0	1.0	0.0	0.0	0.0	80.0	0.0	0.0	0.0	0.0	0.0	0.0	0.0	0.0	0.0	0.0	0.0	0.0	0.0	0.0	0.0	0.0	0.0	-0.5	0.0	80.0	0.0	80.0	80.0	0.0	0.0	0.0	0.0	-1.0	0.0	1.3333333333333333	0.0	80.0	0.0	1.0	0.0	0.0	1.0	0.0	0.0	0.0	0.0	0.0	0.0	0.0	0.0	80.0	0.0	0.0	0.0	0.0	80.0	0.0	0.0	0.0	0.0	0.0	-1.0	0.0	0.0	0.0	0.0	0.0	0.0	0.0	0.0	0.0	1.0	0.0	0.0	0.0	0.0	1.0	0.0	0.0	80.0	0.0	1.3333333333333333	0.0	0.0	0.0	0.0	0.0	0.0	80.0	0.0	0.0	0.0	0.0	0.0	0.0	0.0	0.0	0.0	0.0	0.0	80.0	0.0	0.0	0.0	0.0	0.0	0.0	80.0	0.0	0.0	0.0	0.0	0.0	0.0	0.0	0.0	0.0	0.0	0.0	80.0	0.0	80.0	0.0	0.0	0.0	0.0	0.0	0.0	0.0	0.0	0.0	0.0	0.0	1.3333333333333333	0.0	0.0	0.0	0.0	0.0	0.0	0.0	0.0	0.0	0.0	0.0	0.0	0.0	0.0	0.0	0.0
C28559789	0	0.0	0.0	0.0	0.0	1.0	0.0	0.0	0.0	0.0	0.0	80.0	80.0	80.0	0.0	0.0	0.0	0.0	0.0	80.0	0.0	0.0	0.0	0.0	0.0	0.0	80.0	0.0	0.0	0.0	0.0	0.0	0.0	0.0	0.0	80.0	0.0	0.0	80.0	1.0	0.0	0.0	0.0	80.0	0.0	0.0	0.0	0.0	0.0	80.0	0.0	0.0	80.0	0.0	0.0	80.0	0.0	0.0	80.0	1.0	0.0	0.0	0.0	0.0	1.0	0.0	0.0	0.0	0.0	0.0	0.0	0.0	0.0	0.0	0.0	1.3333333333333333	0.0	0.0	0.0	0.0	0.0	0.0	-1.0	0.0	0.0	0.0	80.0	0.0	0.0	80.0	0.0	0.0	0.0	0.0	0.0	1.3333333333333333	0.0	0.0	80.0	0.0	0.0	0.0	0.0	0.0	0.0	0.0	80.0	0.0	0.0	80.0	0.0	80.0	80.0	0.0	80.0	0.0	0.0	0.0	0.0	0.0	0.0	0.0	1.3333333333333333	0.0	0.0	0.0	0.0	0.0	80.0	0.5	0.0	0.0	80.0	0.0	0.0	0.0	0.0	0.0	0.0	0.0	0.0	0.0	0.0	0.0	80.0	1.0	0.0	80.0	0.0	0.0	0.0	80.0	80.0	0.0	0.0	1.3333333333333333	0.0	0.0	0.0	0.0	80.0	0.0	0.0	80.0	1.3333333333333333	80.0	0.0	0.0	0.0	0.0	0.0	0.0	80.0	1.0	0.0	0.0	0.0	0.0	0.0	0.0	80.0	0.0	0.0	0.0	1.0	0.0	0.0	0.0	0.0	0.0	0.0	80.0	0.0	80.0	1.0	80.0	0.0	0.0	80.0	0.0	0.0	1.0	80.0	80.0	0.0	80.0	0.0	0.0	0.0	0.0	0.0	0.0	80.0	0.0	0.0	0.0	0.0	80.0	80.0	1.0	0.0	80.0	0.0	0.0	0.0	0.0	0.0	0.0	0.0	0.0	80.0	0.0	0.0	0.0	0.0	80.0	0.0	0.0	80.0	0.0	0.0	0.0	0.0	80.0	80.0	0.0	0.0	0.0	80.0	80.0	80.0	0.0	-1.0	0.0	0.0	0.0	1.0
C35724480	0	0.0	1.0	80.0	0.0	1.0	0.0	0.0	0.0	0.0	0.0	0.0	0.0	0.0	0.0	0.0	80.0	0.0	80.0	0.0	0.0	0.0	0.0	0.0	0.0	0.0	80.0	0.0	0.0	0.0	0.0	0.0	0.0	0.0	0.0	0.0	0.0	0.0	0.0	0.0	-1.0	80.0	0.0	0.0	0.0	0.0	1.0	0.0	0.0	0.0	0.0	0.0	0.0	0.0	80.0	0.0	0.0	0.0	80.0	0.0	80.0	80.0	0.0	80.0	0.0	1.0	0.0	80.0	0.0	0.0	0.0	0.0	0.0	0.0	0.0	0.0	80.0	0.0	0.0	0.0	0.0	0.0	0.0	0.0	0.0	0.0	0.0	0.0	0.0	0.0	0.0	0.0	0.0	0.0	0.0	0.0	0.0	0.0	0.0	0.0	0.0	0.0	0.0	0.0	80.0	0.0	0.0	0.0	0.0	0.0	0.0	0.0	0.0	0.0	0.0	1.0	0.0	80.0	0.0	80.0	0.0	0.0	0.0	0.0	0.0	80.0	0.0	0.0	0.0	-0.5	0.0	0.0	0.0	0.0	80.0	0.0	80.0	0.0	0.0	-1.0	0.0	1.3333333333333333	80.0	0.0	0.0	0.0	0.0	0.0	0.0	0.0	0.0	80.0	0.0	0.0	0.0	0.0	80.0	0.0	0.0	0.0	0.0	80.0	0.0	0.0	0.0	80.0	0.0	0.0	0.0	0.0	0.0	0.0	80.0	0.0	0.0	0.0	1.0	0.0	0.0	0.0	0.0	0.0	0.0	0.0	1.0	0.0	0.0	1.0	0.0	1.0	0.0	0.0	0.0	0.0	1.0	0.0	0.0	0.0	0.0	0.0	0.0	0.0	80.0	0.0	0.0	0.0	0.0	0.0	0.0	0.0	80.0	0.0	80.0	0.0	0.0	0.0	0.0	80.0	0.0	0.0	0.0	80.0	0.0	0.0	0.0	0.0	0.0	0.0	0.0	0.0	0.0	0.0	0.0	0.0	80.0	0.0	80.0	0.0	0.0	0.0	0.0	0.0	0.0	80.0	0.0	0.0	0.0	0.0	80.0	0.0	0.0	0.0	0.0	0.0	0.0	80.0	1.0
C52061390	0	80.0	0.0	0.0	0.0	1.0	0.0	0.0	0.0	0.0	0.0	0.0	0.0	0.0	0.0	0.0	80.0	0.0	80.0	0.0	0.0	0.0	0.0	0.0	0.0	80.0	0.0	80.0	0.0	0.0	0.0	0.0	80.0	0.0	0.0	0.0	0.0	0.0	0.0	1.0	-1.0	0.0	0.0	0.0	80.0	0.0	1.0	0.0	0.0	80.0	0.0	0.0	0.0	0.0	80.0	0.0	0.0	80.0	0.0	0.0	80.0	0.0	80.0	80.0	0.0	0.0	0.0	0.0	0.0	0.0	0.0	0.0	0.0	0.0	0.0	0.0	0.0	0.0	0.0	0.0	0.0	0.0	-1.0	80.0	0.0	0.0	0.0	0.0	0.0	0.0	0.0	0.0	0.0	0.0	80.0	0.0	0.0	80.0	0.0	0.0	0.0	-80.0	0.0	0.0	0.0	0.0	0.0	0.0	1.0	0.0	80.0	0.0	0.0	0.0	0.0	0.0	0.0	0.0	0.0	80.0	0.0	0.0	0.0	0.0	0.0	0.0	0.0	0.0	0.0	-0.5	80.0	0.0	0.0	0.0	0.0	0.0	80.0	0.0	0.0	-1.0	0.0	0.0	0.0	0.0	0.0	0.0	0.0	80.0	0.0	0.0	0.0	0.0	0.0	0.0	0.0	1.3333333333333333	80.0	0.0	0.0	0.0	0.0	0.0	0.0	0.0	0.0	0.0	0.0	0.0	0.0	0.0	0.0	0.0	0.0	0.0	0.0	0.0	1.0	0.0	0.0	0.0	0.0	0.0	80.0	0.0	0.0	0.0	0.0	0.0	0.0	1.0	0.0	0.0	0.0	80.0	1.0	0.0	0.0	0.0	0.0	0.0	0.0	1.0	0.0	0.0	0.0	80.0	0.0	0.0	80.0	80.0	0.0	80.0	0.0	0.0	0.0	-1.0	0.0	0.0	0.0	0.0	0.0	0.0	0.0	0.0	0.0	0.0	0.0	0.0	0.0	0.0	0.0	0.0	0.0	0.0	0.0	0.0	0.0	0.0	80.0	0.0	0.0	0.0	80.0	0.0	0.0	80.0	0.0	0.0	0.0	0.0	0.0	0.0	0.0	0.0	0.0	80.0	0.0
C49078961	0	0.0	1.0	0.0	0.0	0.0	0.0	80.0	0.0	0.0	0.0	0.0	80.0	0.0	0.0	0.0	0.0	0.0	0.0	0.0	0.0	0.0	0.0	0.0	0.0	0.0	0.0	0.0	0.0	0.0	0.0	0.0	0.0	0.0	-80.0	80.0	0.0	0.0	0.0	0.0	0.0	80.0	80.0	80.0	0.0	0.0	0.0	0.0	0.0	0.0	0.0	0.0	0.0	0.0	0.0	0.0	0.0	0.0	0.0	1.0	0.0	0.0	0.0	0.0	0.0	0.0	0.0	0.0	80.0	0.0	0.0	0.0	80.0	0.0	0.0	0.0	80.0	80.0	80.0	0.0	0.0	0.0	0.0	0.0	0.0	0.0	0.0	0.0	80.0	0.0	0.0	0.0	0.0	0.0	80.0	1.3333333333333333	0.0	0.0	80.0	0.0	0.0	0.0	0.0	0.0	0.0	80.0	0.0	1.0	1.0	0.0	0.0	80.0	0.0	80.0	0.0	1.0	0.0	0.0	0.0	0.0	0.0	0.0	1.3333333333333333	-1.0	0.0	0.0	0.0	0.0	0.0	0.5	0.0	0.0	0.0	0.0	0.0	0.0	0.0	1.0	0.0	-1.0	0.0	1.3333333333333333	0.0	0.0	0.0	0.0	0.0	0.0	1.0	0.0	0.0	0.0	0.0	0.0	0.0	0.0	80.0	0.0	0.0	-1.0	0.0	0.0	0.0	0.0	1.3333333333333333	0.0	0.0	0.0	0.0	0.0	0.0	0.0	0.0	0.0	80.0	0.0	0.0	0.0	0.0	0.0	0.0	0.0	80.0	0.0	0.0	0.0	0.0	0.0	0.0	0.0	80.0	0.0	80.0	0.0	1.0	80.0	0.0	0.0	0.0	0.0	1.0	0.0	0.0	0.0	0.0	0.0	0.0	0.0	0.0	0.0	0.0	0.0	80.0	0.0	0.0	0.0	0.0	0.0	0.0	0.0	0.0	0.0	0.0	80.0	0.0	0.0	0.0	0.0	0.0	0.0	0.0	0.0	0.0	0.0	0.0	80.0	0.0	0.0	0.0	0.0	1.3333333333333333	0.0	0.0	0.0	0.0	0.0	0.0	0.0	80.0	0.0	80.0	0.0	0.0	0.0	0.0	0.0	0.0
C55084912	0	80.0	1.0	80.0	0.0	0.0	0.0	0.0	80.0	80.0	0.0	0.0	0.0	0.0	0.0	0.0	0.0	0.0	0.0	0.0	0.0	0.0	0.0	0.0	0.0	0.0	0.0	0.0	80.0	0.0	0.0	0.0	0.0	0.0	0.0	0.0	0.0	0.0	0.0	1.0	0.0	0.0	0.0	0.0	0.0	0.0	1.0	0.0	0.0	0.0	0.0	0.0	0.0	0.0	0.0	0.0	80.0	0.0	0.0	0.0	0.0	0.0	0.0	80.0	0.0	0.0	0.0	0.0	0.0	0.0	0.0	0.0	0.0	0.0	80.0	0.0	0.0	0.0	0.0	0.0	0.0	0.0	0.0	0.0	80.0	0.0	0.0	0.0	0.0	0.0	0.0	0.0	0.0	0.0	0.0	1.3333333333333333	0.0	0.0	0.0	0.0	0.0	0.0	0.0	0.0	0.0	0.0	0.0	0.0	1.0	80.0	0.0	0.0	0.0	0.0	0.0	0.0	0.0	0.0	0.0	80.0	0.0	0.0	0.0	-1.0	0.0	0.0	1.0	0.0	0.0	0.5	0.0	0.0	0.0	0.0	0.0	0.0	0.0	0.0	0.0	0.0	0.0	0.0	0.0	80.0	0.0	0.0	80.0	0.0	1.0	0.0	0.0	0.0	80.0	0.0	0.0	1.3333333333333333	0.0	0.0	0.0	0.0	0.0	0.0	0.0	0.0	0.0	0.0	0.0	0.0	0.0	80.0	0.0	0.0	0.0	0.0	0.0	0.0	1.0	0.0	1.0	0.0	80.0	80.0	0.0	0.0	1.0	0.0	80.0	0.0	0.0	0.0	80.0	0.0	0.0	0.0	1.0	0.0	0.0	0.0	0.0	0.0	1.0	1.0	0.0	0.0	0.0	0.0	0.0	0.0	0.0	0.0	0.0	0.0	0.0	0.0	0.0	0.0	0.0	80.0	0.0	1.0	0.0	0.0	0.0	0.0	0.0	0.0	0.0	0.0	0.0	0.0	0.0	0.0	0.0	0.0	80.0	0.0	80.0	80.0	0.0	0.0	0.0	80.0	0.0	0.0	0.0	0.0	0.0	80.0	0.0	0.0	0.0	80.0	-1.0	0.0	0.0	0.0	0.0
C19759782	0	0.0	0.0	0.0	0.0	0.0	0.0	0.0	0.0	0.0	0.0	0.0	80.0	0.0	0.0	0.0	80.0	0.0	0.0	0.0	0.0	0.0	0.0	0.0	0.0	0.0	0.0	80.0	0.0	0.0	0.0	0.0	80.0	0.0	0.0	0.0	0.0	0.0	80.0	1.0	-1.0	80.0	0.0	0.0	80.0	0.0	1.0	0.0	80.0	0.0	0.0	80.0	0.0	80.0	80.0	0.0	0.0	0.0	0.0	0.0	0.0	0.0	80.0	0.0	1.0	1.0	80.0	0.0	0.0	0.0	0.0	0.0	0.0	0.0	0.0	0.0	0.0	0.0	80.0	0.0	0.0	0.0	0.0	0.0	0.0	0.0	0.0	0.0	0.0	0.0	0.0	0.0	0.0	0.0	0.0	0.0	80.0	0.0	0.0	0.0	0.0	0.0	0.0	0.0	0.0	0.0	0.0	0.0	1.0	0.0	0.0	0.0	0.0	0.0	80.0	0.0	0.0	0.0	80.0	0.0	0.0	0.0	1.3333333333333333	0.0	0.0	0.0	0.0	0.0	0.0	0.5	0.0	0.0	0.0	0.0	0.0	0.0	0.0	1.0	0.0	-1.0	0.0	0.0	0.0	0.0	0.0	1.0	0.0	0.0	1.0	0.0	0.0	80.0	0.0	0.0	0.0	0.0	0.0	80.0	0.0	0.0	0.0	0.0	0.0	0.0	1.3333333333333333	0.0	80.0	0.0	0.0	0.0	0.0	0.0	0.0	0.0	0.0	80.0	0.0	0.0	1.0	0.0	80.0	0.0	0.0	0.0	0.0	0.0	80.0	0.0	0.0	0.0	0.0	0.0	0.0	0.0	0.0	0.0	0.0	0.0	0.0	0.0	0.0	0.0	0.0	0.0	0.0	0.0	0.0	0.0	0.0	0.0	0.0	0.0	0.0	80.0	0.0	0.0	0.0	0.0	0.0	0.0	0.0	80.0	0.0	0.0	0.0	80.0	0.0	80.0	80.0	80.0	0.0	0.0	0.0	0.0	0.0	0.0	0.0	0.0	0.0	80.0	0.0	80.0	80.0	80.0	0.0	0.0	80.0	0.0	0.0	80.0	0.0	0.0	0.0	80.0	0.0	0.0	0.0
C52550847	0	0.0	1.0	80.0	80.0	0.0	80.0	0.0	0.0	0.0	80.0	80.0	0.0	0.0	0.0	0.0	0.0	0.0	0.0	80.0	0.0	80.0	80.0	80.0	80.0	0.0	0.0	0.0	80.0	80.0	0.0	0.0	0.0	80.0	0.0	0.0	80.0	0.0	0.0	1.0	-1.0	80.0	0.0	80.0	0.0	0.0	0.0	0.0	0.0	0.0	0.0	0.0	0.0	0.0	0.0	0.0	0.0	0.0	0.0	0.0	80.0	0.0	0.0	80.0	0.0	1.0	0.0	0.0	0.0	0.0	0.0	80.0	0.0	80.0	0.0	0.0	0.0	80.0	80.0	80.0	80.0	0.0	0.0	0.0	0.0	80.0	0.0	0.0	0.0	0.0	0.0	1.0	80.0	80.0	0.0	0.0	0.0	0.0	0.0	0.0	0.0	0.0	0.0	0.0	0.0	80.0	80.0	0.0	1.0	0.0	0.0	0.0	80.0	80.0	0.0	0.0	0.0	80.0	0.0	0.0	1.3333333333333333	0.0	0.0	0.0	80.0	0.0	1.0	0.0	0.0	0.5	0.0	0.0	0.0	0.0	0.0	80.0	0.0	0.0	0.0	0.0	0.0	0.0	0.0	80.0	80.0	0.0	0.0	0.0	1.0	80.0	0.0	0.0	0.0	0.0	80.0	0.0	80.0	0.0	0.0	0.0	0.0	80.0	0.0	80.0	1.3333333333333333	0.0	80.0	0.0	-1.0	0.0	0.0	0.0	0.0	1.0	0.0	0.0	0.0	0.0	0.0	0.0	0.0	0.0	0.0	0.0	0.0	0.0	0.0	1.0	0.0	0.0	80.0	0.0	0.0	0.0	0.0	0.0	0.0	0.0	0.0	0.0	1.0	1.0	80.0	0.0	0.0	0.0	0.0	0.0	0.0	0.0	0.0	0.0	0.0	0.0	0.0	0.0	0.0	0.0	0.0	1.0	0.0	0.0	0.0	0.0	0.0	80.0	0.0	80.0	80.0	0.0	0.0	0.0	80.0	0.0	0.0	0.0	80.0	0.0	80.0	0.0	1.3333333333333333	0.0	0.0	80.0	0.0	0.0	80.0	0.0	80.0	80.0	0.0	0.0	0.0	80.0	0.0	0.0	1.0
C44053755	0	0.0	0.0	0.0	0.0	0.0	0.0	0.0	0.0	0.0	0.0	0.0	0.0	80.0	0.0	0.0	0.0	0.0	0.0	0.0	0.0	0.0	0.0	0.0	0.0	0.0	0.0	80.0	0.0	0.0	1.0	0.0	0.0	0.0	0.0	0.0	80.0	1.0	0.0	0.0	-1.0	0.0	0.0	0.0	80.0	0.0	1.0	0.0	0.0	0.0	0.0	80.0	0.0	0.0	0.0	0.0	0.0	0.0	80.0	0.0	0.0	0.0	0.0	0.0	0.0	0.0	0.0	80.0	0.0	0.0	0.0	0.0	0.0	0.0	0.0	0.0	0.0	0.0	0.0	0.0	0.0	-1.0	0.0	80.0	80.0	0.0	0.0	0.0	0.0	0.0	0.0	0.0	0.0	0.0	0.0	0.0	0.0	0.0	0.0	0.0	0.0	0.0	0.0	0.0	0.0	80.0	0.0	1.0	1.0	0.0	0.0	0.0	80.0	0.0	0.0	0.0	0.0	0.0	0.0	80.0	0.0	0.0	1.3333333333333333	-1.0	0.0	0.0	0.0	0.0	0.0	-0.5	0.0	0.0	0.0	0.0	0.0	0.0	80.0	0.0	0.0	0.0	0.0	0.0	0.0	0.0	0.0	1.0	80.0	0.0	0.0	0.0	0.0	80.0	0.0	0.0	0.0	1.3333333333333333	80.0	0.0	0.0	0.0	0.0	0.0	0.0	0.0	0.0	0.0	0.0	0.0	0.0	0.0	0.0	0.0	0.0	0.0	0.0	0.0	0.0	0.0	0.0	0.0	0.0	0.0	0.0	1.0	1.0	0.0	0.0	1.0	0.0	1.0	0.0	0.0	0.0	80.0	0.0	0.0	0.0	0.0	0.0	0.0	0.0	0.0	0.0	0.0	0.0	0.0	0.0	80.0	0.0	0.0	0.0	0.0	0.0	0.0	0.0	0.0	0.0	0.0	0.0	0.0	0.0	0.0	0.0	0.0	0.0	0.0	80.0	0.0	0.0	0.0	80.0	0.0	0.0	0.0	0.0	80.0	0.0	0.0	0.0	80.0	1.3333333333333333	80.0	0.0	80.0	0.0	0.0	0.0	0.0	80.0	0.0	80.0	0.0	0.0	80.0	0.0	0.0	0.0
C03082546	0	80.0	1.0	0.0	0.0	0.0	0.0	0.0	0.0	0.0	0.0	0.0	0.0	0.0	0.0	0.0	0.0	0.0	0.0	0.0	80.0	0.0	0.0	80.0	0.0	0.0	0.0	0.0	80.0	0.0	1.0	0.0	0.0	0.0	-80.0	0.0	0.0	0.0	80.0	0.0	0.0	0.0	80.0	0.0	0.0	0.0	1.0	0.0	0.0	80.0	0.0	80.0	80.0	0.0	0.0	80.0	0.0	0.0	0.0	1.0	0.0	0.0	0.0	0.0	0.0	1.0	0.0	0.0	0.0	0.0	0.0	0.0	0.0	0.0	0.0	1.3333333333333333	0.0	0.0	0.0	80.0	80.0	0.0	0.0	0.0	0.0	80.0	0.0	0.0	80.0	0.0	0.0	1.0	0.0	0.0	0.0	1.3333333333333333	0.0	80.0	0.0	0.0	0.0	0.0	0.0	0.0	0.0	80.0	80.0	0.0	0.0	0.0	0.0	0.0	0.0	0.0	0.0	0.0	0.0	0.0	0.0	0.0	0.0	0.0	0.0	-1.0	0.0	0.0	0.0	0.0	0.0	0.5	0.0	0.0	80.0	0.0	0.0	0.0	0.0	1.0	0.0	0.0	0.0	0.0	0.0	0.0	80.0	0.0	0.0	0.0	0.0	0.0	0.0	80.0	0.0	0.0	0.0	1.3333333333333333	80.0	0.0	0.0	-1.0	0.0	0.0	0.0	80.0	0.0	80.0	0.0	0.0	-1.0	0.0	0.0	0.0	0.0	0.0	80.0	0.0	1.0	0.0	0.0	0.0	0.0	0.0	0.0	1.0	0.0	0.0	0.0	0.0	0.0	1.0	0.0	80.0	0.0	0.0	0.0	0.0	0.0	1.3333333333333333	0.0	0.0	0.0	1.0	0.0	0.0	80.0	0.0	80.0	0.0	0.0	0.0	0.0	0.0	80.0	0.0	0.0	0.0	0.0	80.0	80.0	1.0	0.0	0.0	0.0	80.0	0.0	0.0	0.0	0.0	0.0	80.0	0.0	80.0	0.0	80.0	0.0	0.0	0.0	80.0	0.0	80.0	0.0	0.0	0.0	0.0	80.0	0.0	0.0	80.0	0.0	0.0	0.0	0.0	0.0	0.0	0.0	80.0	0.0
C48846790	0	0.0	0.0	0.0	0.0	1.0	0.0	0.0	0.0	80.0	0.0	0.0	0.0	0.0	0.0	0.0	80.0	0.0	0.0	0.0	0.0	0.0	0.0	0.0	0.0	80.0	80.0	0.0	0.0	0.0	0.0	0.0	80.0	0.0	0.0	0.0	80.0	0.0	0.0	1.0	0.0	0.0	0.0	0.0	0.0	80.0	1.0	0.0	0.0	80.0	0.0	0.0	0.0	0.0	0.0	0.0	0.0	0.0	0.0	0.0	0.0	0.0	0.0	0.0	0.0	1.0	0.0	0.0	0.0	0.0	0.0	0.0	0.0	0.0	0.0	0.0	0.0	0.0	80.0	0.0	0.0	-1.0	0.0	80.0	0.0	0.0	0.0	80.0	0.0	0.0	0.0	0.0	0.0	0.0	0.0	0.0	0.0	0.0	0.0	0.0	0.0	0.0	0.0	0.0	0.0	0.0	0.0	1.0	0.0	0.0	0.0	0.0	80.0	80.0	0.0	1.0	0.0	0.0	0.0	0.0	0.0	0.0	0.0	0.0	0.0	0.0	1.0	0.0	80.0	-0.5	0.0	0.0	0.0	0.0	0.0	0.0	0.0	1.0	0.0	0.0	0.0	0.0	80.0	0.0	0.0	0.0	0.0	0.0	0.0	0.0	0.0	0.0	0.0	0.0	0.0	0.0	0.0	0.0	0.0	0.0	0.0	0.0	0.0	0.0	0.0	0.0	0.0	0.0	-1.0	0.0	0.0	80.0	0.0	0.0	0.0	0.0	0.0	0.0	0.0	0.0	0.0	0.0	0.0	0.0	0.0	0.0	0.0	0.0	1.3333333333333333	1.0	0.0	0.0	0.0	80.0	0.0	0.0	0.0	0.0	0.0	0.0	0.0	0.0	80.0	80.0	80.0	0.0	0.0	0.0	0.0	0.0	0.0	0.0	0.0	0.0	0.0	0.0	0.0	0.0	0.0	0.0	0.0	80.0	0.0	0.0	0.0	0.0	0.0	0.0	80.0	0.0	0.0	0.0	0.0	0.0	0.0	0.0	0.0	0.0	80.0	0.0	0.0	0.0	0.0	80.0	0.0	0.0	0.0	0.0	0.0	0.0	0.0	0.0	0.0	0.0	0.0	0.0	0.0
C52697416	0	0.0	0.0	0.0	0.0	0.0	0.0	0.0	0.0	0.0	0.0	0.0	80.0	0.0	0.0	0.0	0.0	0.0	0.0	0.0	0.0	0.0	0.0	0.0	80.0	0.0	0.0	0.0	0.0	0.0	0.0	0.0	80.0	0.0	0.0	0.0	0.0	0.0	0.0	0.0	0.0	0.0	80.0	0.0	0.0	0.0	0.0	0.0	0.0	80.0	80.0	0.0	0.0	0.0	0.0	0.0	0.0	0.0	0.0	1.0	0.0	0.0	0.0	0.0	0.0	0.0	0.0	0.0	0.0	80.0	80.0	0.0	0.0	0.0	0.0	0.0	0.0	0.0	0.0	0.0	0.0	0.0	0.0	0.0	0.0	80.0	0.0	80.0	0.0	0.0	0.0	0.0	0.0	0.0	80.0	0.0	0.0	0.0	0.0	0.0	0.0	0.0	0.0	0.0	0.0	0.0	80.0	0.0	1.0	0.0	0.0	80.0	0.0	0.0	0.0	1.0	0.0	0.0	0.0	0.0	1.3333333333333333	80.0	0.0	-1.0	0.0	0.0	1.0	0.0	0.0	-0.5	0.0	0.0	0.0	0.0	0.0	0.0	0.0	1.0	0.0	-1.0	0.0	0.0	0.0	80.0	80.0	1.0	0.0	0.0	1.0	0.0	0.0	0.0	0.0	0.0	80.0	1.3333333333333333	0.0	80.0	0.0	-1.0	0.0	0.0	0.0	0.0	0.0	0.0	0.0	0.0	-1.0	0.0	80.0	0.0	0.0	1.0	0.0	0.0	0.0	0.0	0.0	80.0	0.0	0.0	0.0	1.0	1.0	0.0	0.0	1.0	0.0	1.0	0.0	0.0	80.0	0.0	0.0	0.0	0.0	0.0	0.0	0.0	0.0	0.0	0.0	80.0	80.0	0.0	0.0	0.0	0.0	0.0	0.0	80.0	0.0	0.0	80.0	0.0	0.0	0.0	0.0	0.0	0.0	0.0	0.0	0.0	0.0	0.0	0.0	0.0	0.0	0.0	0.0	0.0	0.0	0.0	80.0	0.0	80.0	0.0	0.0	0.0	1.3333333333333333	0.0	0.0	0.0	0.0	0.0	80.0	0.0	0.0	0.0	0.0	80.0	-1.0	0.0	0.0	0.0	0.0
C49042650	0	80.0	1.0	0.0	0.0	0.0	0.0	80.0	0.0	0.0	0.0	0.0	0.0	0.0	0.0	0.0	0.0	0.0	0.0	0.0	0.0	0.0	0.0	0.0	0.0	0.0	0.0	0.0	80.0	0.0	0.0	0.0	0.0	0.0	0.0	0.0	80.0	1.0	0.0	1.0	-1.0	0.0	0.0	0.0	0.0	0.0	0.0	0.0	0.0	0.0	0.0	0.0	80.0	0.0	0.0	0.0	0.0	0.0	0.0	1.0	0.0	0.0	80.0	0.0	1.0	0.0	0.0	0.0	80.0	0.0	0.0	0.0	80.0	0.0	80.0	0.0	0.0	0.0	0.0	0.0	0.0	-1.0	-1.0	0.0	0.0	0.0	0.0	0.0	0.0	0.0	0.0	0.0	0.0	0.0	0.0	1.3333333333333333	0.0	0.0	0.0	0.0	0.0	0.0	0.0	0.0	0.0	0.0	0.0	0.0	1.0	0.0	0.0	0.0	0.0	0.0	80.0	0.0	0.0	0.0	0.0	80.0	1.3333333333333333	80.0	0.0	0.0	0.0	0.0	0.0	0.0	0.0	-0.5	80.0	0.0	0.0	80.0	0.0	0.0	0.0	0.0	0.0	0.0	80.0	1.3333333333333333	80.0	0.0	0.0	1.0	0.0	0.0	0.0	0.0	0.0	80.0	0.0	0.0	0.0	0.0	0.0	0.0	0.0	0.0	0.0	0.0	80.0	0.0	0.0	0.0	0.0	0.0	0.0	0.0	0.0	0.0	0.0	0.0	0.0	0.0	0.0	0.0	0.0	0.0	0.0	0.0	80.0	0.0	0.0	0.0	0.0	1.0	1.3333333333333333	0.0	0.0	0.0	0.0	0.0	0.0	80.0	0.0	1.3333333333333333	0.0	0.0	0.0	1.0	0.0	0.0	0.0	0.0	0.0	0.0	0.0	0.0	80.0	0.0	0.0	0.0	0.0	-1.0	0.0	0.0	0.0	0.0	0.0	0.0	0.0	0.0	0.0	0.0	0.0	0.0	80.0	0.0	0.0	0.0	0.0	0.0	80.0	0.0	0.0	0.0	0.0	80.0	0.0	0.0	0.0	0.0	0.0	80.0	0.0	0.0	0.0	80.0	80.0	0.0	-1.0	80.0	0.0	0.0	0.0
C64186025	0	0.0	1.0	0.0	0.0	0.0	0.0	80.0	0.0	0.0	0.0	0.0	0.0	0.0	0.0	0.0	80.0	0.0	0.0	0.0	80.0	0.0	0.0	0.0	0.0	0.0	80.0	0.0	0.0	0.0	0.0	80.0	0.0	0.0	-80.0	0.0	80.0	0.0	0.0	0.0	-1.0	0.0	0.0	80.0	0.0	0.0	1.0	0.0	0.0	0.0	80.0	80.0	0.0	0.0	0.0	0.0	0.0	0.0	0.0	0.0	0.0	0.0	0.0	0.0	0.0	1.0	80.0	0.0	80.0	0.0	0.0	0.0	80.0	0.0	0.0	1.3333333333333333	0.0	0.0	0.0	0.0	0.0	-1.0	0.0	0.0	0.0	0.0	0.0	0.0	0.0	80.0	0.0	1.0	0.0	80.0	0.0	0.0	0.0	0.0	0.0	0.0	0.0	0.0	0.0	0.0	0.0	0.0	0.0	0.0	1.0	0.0	0.0	0.0	80.0	0.0	80.0	0.0	0.0	0.0	80.0	0.0	0.0	0.0	0.0	0.0	0.0	0.0	0.0	80.0	0.0	0.5	80.0	0.0	0.0	0.0	0.0	0.0	80.0	1.0	80.0	0.0	80.0	0.0	0.0	80.0	0.0	0.0	80.0	0.0	0.0	80.0	0.0	0.0	0.0	0.0	0.0	1.3333333333333333	0.0	0.0	80.0	0.0	80.0	0.0	0.0	0.0	0.0	0.0	0.0	0.0	0.0	80.0	0.0	80.0	0.0	0.0	0.0	0.0	1.0	0.0	0.0	0.0	0.0	0.0	80.0	0.0	1.0	0.0	0.0	0.0	1.3333333333333333	0.0	0.0	80.0	0.0	0.0	0.0	0.0	80.0	0.0	0.0	0.0	1.0	0.0	80.0	80.0	0.0	0.0	0.0	0.0	0.0	0.0	0.0	80.0	0.0	80.0	0.0	0.0	0.0	0.0	0.0	0.0	0.0	0.0	0.0	0.0	0.0	80.0	0.0	0.0	0.0	80.0	0.0	0.0	80.0	0.0	80.0	0.0	0.0	0.0	0.0	0.0	0.0	0.0	0.0	80.0	0.0	0.0	80.0	0.0	0.0	0.0	80.0	0.0	0.0	0.0	0.0	0.0	1.0
