activation	alpha	early_stopping	hidden_layer_sizes	learning_rate	max_iter	solver	mean_valid_accuracy	mean_valid_precision	mean_valid_auc
logistic	0.001	True	(50, 50)	adaptive	500	adam	0.9334415584415586	0.9706913405467354	0.925407196969697
logistic	0.01	True	(50, 50)	invscaling	500	adam	0.9334415584415586	0.9706913405467354	0.925407196969697
logistic	0.01	True	(50, 50)	constant	500	adam	0.9334415584415586	0.9706913405467354	0.925407196969697
logistic	0.001	True	(50, 50)	constant	1000	adam	0.9334415584415586	0.9706913405467354	0.925407196969697
logistic	0.001	True	(50, 50)	invscaling	500	adam	0.9334415584415586	0.9706913405467354	0.925407196969697
logistic	0.001	True	(50, 50)	invscaling	1000	adam	0.9334415584415586	0.9706913405467354	0.925407196969697
logistic	0.01	True	(50, 50)	invscaling	1000	adam	0.9334415584415586	0.9706913405467354	0.925407196969697
logistic	0.001	True	(50, 50)	adaptive	1000	adam	0.9334415584415586	0.9706913405467354	0.925407196969697
logistic	0.01	True	(50, 50)	adaptive	500	adam	0.9334415584415586	0.9706913405467354	0.925407196969697
logistic	0.01	True	(50, 50)	constant	1000	adam	0.9334415584415586	0.9706913405467354	0.925407196969697
logistic	0.01	True	(50, 50)	adaptive	1000	adam	0.9334415584415586	0.9706913405467354	0.925407196969697
logistic	0.001	True	(50, 50)	constant	500	adam	0.9334415584415586	0.9706913405467354	0.925407196969697
logistic	0.1	True	(50, 50)	adaptive	1000	adam	0.9399863294600136	0.969556092231614	0.9335258838383839
logistic	0.1	True	(50, 50)	invscaling	1000	adam	0.9399863294600136	0.969556092231614	0.9335258838383839
logistic	0.1	True	(50, 50)	invscaling	500	adam	0.9399863294600136	0.969556092231614	0.9335258838383839
logistic	0.1	True	(50, 50)	constant	1000	adam	0.9399863294600136	0.969556092231614	0.9335258838383839
logistic	0.1	True	(50, 50)	constant	500	adam	0.9399863294600136	0.969556092231614	0.9335258838383839
logistic	0.1	True	(50, 50)	adaptive	500	adam	0.9399863294600136	0.969556092231614	0.9335258838383839
logistic	0.01	True	(100, 100)	adaptive	1000	adam	0.9400375939849624	0.9632575757575758	0.9344760101010101
logistic	0.01	True	(100, 100)	constant	500	adam	0.9400375939849624	0.9632575757575758	0.9344760101010101
logistic	0.01	True	(100, 100)	invscaling	1000	adam	0.9400375939849624	0.9632575757575758	0.9344760101010101
logistic	0.001	True	(100, 100)	constant	500	adam	0.9387388926862611	0.9632575757575758	0.9329608585858585
logistic	0.001	True	(100, 100)	constant	1000	adam	0.9387388926862611	0.9632575757575758	0.9329608585858585
logistic	0.001	True	(100, 100)	invscaling	500	adam	0.9387388926862611	0.9632575757575758	0.9329608585858585
logistic	0.001	True	(100, 100)	invscaling	1000	adam	0.9387388926862611	0.9632575757575758	0.9329608585858585
logistic	0.01	True	(100, 100)	adaptive	500	adam	0.9400375939849624	0.9632575757575758	0.9344760101010101
logistic	0.001	True	(100, 100)	adaptive	500	adam	0.9387388926862611	0.9632575757575758	0.9329608585858585
logistic	0.01	True	(100, 100)	invscaling	500	adam	0.9400375939849624	0.9632575757575758	0.9344760101010101
logistic	0.001	True	(100, 100)	adaptive	1000	adam	0.9387388926862611	0.9632575757575758	0.9329608585858585
logistic	0.01	True	(100, 100)	constant	1000	adam	0.9400375939849624	0.9632575757575758	0.9344760101010101
logistic	0.01	True	(50,)	constant	500	adam	0.932177033492823	0.9632464349376114	0.9253377525252526
logistic	0.01	True	(50,)	constant	1000	adam	0.932177033492823	0.9632464349376114	0.9253377525252526
logistic	0.01	True	(50,)	invscaling	500	adam	0.932177033492823	0.9632464349376114	0.9253377525252526
logistic	0.01	True	(50,)	invscaling	1000	adam	0.932177033492823	0.9632464349376114	0.9253377525252526
logistic	0.01	True	(50,)	adaptive	500	adam	0.932177033492823	0.9632464349376114	0.9253377525252526
logistic	0.01	True	(50,)	adaptive	1000	adam	0.932177033492823	0.9632464349376114	0.9253377525252526
logistic	0.001	True	(50,)	adaptive	1000	adam	0.932177033492823	0.9632464349376114	0.9253377525252526
logistic	0.001	True	(50,)	adaptive	500	adam	0.932177033492823	0.9632464349376114	0.9253377525252526
logistic	0.001	True	(50,)	invscaling	1000	adam	0.932177033492823	0.9632464349376114	0.9253377525252526
logistic	0.001	True	(50,)	invscaling	500	adam	0.932177033492823	0.9632464349376114	0.9253377525252526
logistic	0.001	True	(50,)	constant	1000	adam	0.932177033492823	0.9632464349376114	0.9253377525252526
logistic	0.001	True	(50,)	constant	500	adam	0.932177033492823	0.9632464349376114	0.9253377525252526
logistic	0.1	True	(50,)	constant	1000	adam	0.9347744360902256	0.9630681818181817	0.9283207070707071
logistic	0.1	True	(50,)	adaptive	1000	adam	0.9347744360902256	0.9630681818181817	0.9283207070707071
logistic	0.1	True	(50,)	adaptive	500	adam	0.9347744360902256	0.9630681818181817	0.9283207070707071
logistic	0.1	True	(50,)	invscaling	1000	adam	0.9347744360902256	0.9630681818181817	0.9283207070707071
logistic	0.1	True	(50,)	constant	500	adam	0.9347744360902256	0.9630681818181817	0.9283207070707071
logistic	0.1	True	(50,)	invscaling	500	adam	0.9347744360902256	0.9630681818181817	0.9283207070707071
logistic	0.001	True	(100, 100)	constant	1000	lbfgs	0.9373889268626112	0.9627291167250599	0.9312279040404041
logistic	0.001	True	(100, 100)	adaptive	1000	lbfgs	0.9373889268626112	0.9627291167250599	0.9312279040404041
logistic	0.001	True	(100, 100)	constant	500	lbfgs	0.9373889268626112	0.9627291167250599	0.9312279040404041
logistic	0.001	True	(100, 100)	invscaling	500	lbfgs	0.9373889268626112	0.9627291167250599	0.9312279040404041
logistic	0.001	True	(100, 100)	invscaling	1000	lbfgs	0.9373889268626112	0.9627291167250599	0.9312279040404041
logistic	0.001	True	(100, 100)	adaptive	500	lbfgs	0.9373889268626112	0.9627291167250599	0.9312279040404041
logistic	0.1	True	(100, 100)	invscaling	1000	adam	0.9400375939849624	0.9601325757575758	0.9349021464646464
logistic	0.1	True	(100, 100)	adaptive	500	adam	0.9400375939849624	0.9601325757575758	0.9349021464646464
logistic	0.1	True	(100, 100)	invscaling	500	adam	0.9400375939849624	0.9601325757575758	0.9349021464646464
logistic	0.1	True	(100, 100)	constant	1000	adam	0.9400375939849624	0.9601325757575758	0.9349021464646464
logistic	0.1	True	(100, 100)	adaptive	1000	adam	0.9400375939849624	0.9601325757575758	0.9349021464646464
logistic	0.1	True	(100, 100)	constant	500	adam	0.9400375939849624	0.9601325757575758	0.9349021464646464
logistic	0.001	True	(100,)	adaptive	1000	adam	0.9204203691045796	0.9584092225171688	0.9111521464646465
logistic	0.1	True	(100,)	invscaling	500	adam	0.9256151742993849	0.9584092225171688	0.9172127525252526
logistic	0.1	True	(100,)	adaptive	500	adam	0.9256151742993849	0.9584092225171688	0.9172127525252526
logistic	0.001	True	(100,)	constant	1000	adam	0.9204203691045796	0.9584092225171688	0.9111521464646465
logistic	0.001	True	(100,)	adaptive	500	adam	0.9204203691045796	0.9584092225171688	0.9111521464646465
logistic	0.1	True	(100,)	invscaling	1000	adam	0.9256151742993849	0.9584092225171688	0.9172127525252526
logistic	0.001	True	(100,)	invscaling	1000	adam	0.9204203691045796	0.9584092225171688	0.9111521464646465
logistic	0.1	True	(100,)	adaptive	1000	adam	0.9256151742993849	0.9584092225171688	0.9172127525252526
logistic	0.001	True	(100,)	constant	500	adam	0.9204203691045796	0.9584092225171688	0.9111521464646465
logistic	0.01	True	(100,)	adaptive	1000	adam	0.9204203691045796	0.9584092225171688	0.9111521464646465
logistic	0.01	True	(100,)	adaptive	500	adam	0.9204203691045796	0.9584092225171688	0.9111521464646465
logistic	0.1	True	(100,)	constant	1000	adam	0.9256151742993849	0.9584092225171688	0.9172127525252526
logistic	0.01	True	(100,)	invscaling	1000	adam	0.9204203691045796	0.9584092225171688	0.9111521464646465
logistic	0.01	True	(100,)	invscaling	500	adam	0.9204203691045796	0.9584092225171688	0.9111521464646465
logistic	0.01	True	(100,)	constant	1000	adam	0.9204203691045796	0.9584092225171688	0.9111521464646465
logistic	0.01	True	(100,)	constant	500	adam	0.9204203691045796	0.9584092225171688	0.9111521464646465
logistic	0.1	True	(100,)	constant	500	adam	0.9256151742993849	0.9584092225171688	0.9172127525252526
logistic	0.001	True	(100,)	invscaling	500	adam	0.9204203691045796	0.9584092225171688	0.9111521464646465
logistic	0.1	True	(100,)	adaptive	1000	lbfgs	0.9504272043745727	0.9577108798064682	0.9475662878787879
logistic	0.1	True	(100,)	invscaling	500	lbfgs	0.9504272043745727	0.9577108798064682	0.9475662878787879
logistic	0.1	True	(100,)	invscaling	1000	lbfgs	0.9504272043745727	0.9577108798064682	0.9475662878787879
logistic	0.1	True	(100,)	adaptive	500	lbfgs	0.9504272043745727	0.9577108798064682	0.9475662878787879
logistic	0.1	True	(100,)	constant	500	lbfgs	0.9504272043745727	0.9577108798064682	0.9475662878787879
logistic	0.1	True	(100,)	constant	1000	lbfgs	0.9504272043745727	0.9577108798064682	0.9475662878787879
logistic	0.001	True	(50,)	constant	500	lbfgs	0.9491285030758716	0.9474747129526542	0.9477556818181819
logistic	0.001	True	(50,)	adaptive	1000	lbfgs	0.9491285030758716	0.9474747129526542	0.9477556818181819
logistic	0.001	True	(50,)	invscaling	500	lbfgs	0.9491285030758716	0.9474747129526542	0.9477556818181819
logistic	0.001	True	(50,)	constant	1000	lbfgs	0.9491285030758716	0.9474747129526542	0.9477556818181819
logistic	0.001	True	(50,)	invscaling	1000	lbfgs	0.9491285030758716	0.9474747129526542	0.9477556818181819
logistic	0.001	True	(50,)	adaptive	500	lbfgs	0.9491285030758716	0.9474747129526542	0.9477556818181819
tanh	0.001	True	(100,)	invscaling	1000	lbfgs	0.9477614490772386	0.9468060976370865	0.9459816919191919
tanh	0.001	True	(100,)	invscaling	500	lbfgs	0.9477614490772386	0.9468060976370865	0.9459816919191919
tanh	0.001	True	(100,)	adaptive	500	lbfgs	0.9477614490772386	0.9468060976370865	0.9459816919191919
tanh	0.001	True	(100,)	constant	1000	lbfgs	0.9477614490772386	0.9468060976370865	0.9459816919191919
tanh	0.001	True	(100,)	adaptive	1000	lbfgs	0.9477614490772386	0.9468060976370865	0.9459816919191919
tanh	0.001	True	(100,)	constant	500	lbfgs	0.9477614490772386	0.9468060976370865	0.9459816919191919
logistic	0.01	True	(100,)	constant	500	sgd	0.9007860560492139	0.9467067774179844	0.8886837121212121
logistic	0.001	True	(100,)	constant	500	sgd	0.9007860560492139	0.9467067774179844	0.8886837121212121
logistic	0.001	True	(100,)	constant	1000	sgd	0.9007860560492139	0.9467067774179844	0.8886837121212121
logistic	0.01	True	(100,)	constant	1000	sgd	0.9007860560492139	0.9467067774179844	0.8886837121212121
logistic	0.1	True	(100,)	constant	500	sgd	0.8955912508544088	0.9455863292387127	0.882623106060606
logistic	0.1	True	(100,)	constant	1000	sgd	0.8955912508544088	0.9455863292387127	0.882623106060606
tanh	0.01	True	(100,)	adaptive	1000	lbfgs	0.9477785372522215	0.9453271060404477	0.9459816919191919
tanh	0.01	True	(100,)	adaptive	500	lbfgs	0.9477785372522215	0.9453271060404477	0.9459816919191919
tanh	0.01	True	(100,)	constant	500	lbfgs	0.9477785372522215	0.9453271060404477	0.9459816919191919
tanh	0.01	True	(100,)	constant	1000	lbfgs	0.9477785372522215	0.9453271060404477	0.9459816919191919
tanh	0.01	True	(100,)	invscaling	500	lbfgs	0.9477785372522215	0.9453271060404477	0.9459816919191919
tanh	0.01	True	(100,)	invscaling	1000	lbfgs	0.9477785372522215	0.9453271060404477	0.9459816919191919
logistic	0.01	True	(50,)	invscaling	1000	lbfgs	0.9491114149008887	0.9449280874648522	0.9481344696969698
logistic	0.01	True	(50,)	adaptive	1000	lbfgs	0.9491114149008887	0.9449280874648522	0.9481344696969698
logistic	0.01	True	(50,)	invscaling	500	lbfgs	0.9491114149008887	0.9449280874648522	0.9481344696969698
logistic	0.01	True	(50,)	adaptive	500	lbfgs	0.9491114149008887	0.9449280874648522	0.9481344696969698
logistic	0.01	True	(50,)	constant	1000	lbfgs	0.9491114149008887	0.9449280874648522	0.9481344696969698
logistic	0.01	True	(50,)	constant	500	lbfgs	0.9491114149008887	0.9449280874648522	0.9481344696969698
tanh	0.1	True	(100,)	adaptive	500	lbfgs	0.9464627477785372	0.9439540477262129	0.9448705808080808
tanh	0.1	True	(100,)	invscaling	1000	lbfgs	0.9464627477785372	0.9439540477262129	0.9448705808080808
tanh	0.1	True	(100,)	constant	500	lbfgs	0.9464627477785372	0.9439540477262129	0.9448705808080808
tanh	0.1	True	(100,)	adaptive	1000	lbfgs	0.9464627477785372	0.9439540477262129	0.9448705808080808
tanh	0.1	True	(100,)	constant	1000	lbfgs	0.9464627477785372	0.9439540477262129	0.9448705808080808
tanh	0.1	True	(100,)	invscaling	500	lbfgs	0.9464627477785372	0.9439540477262129	0.9448705808080808
logistic	0.01	True	(100,)	adaptive	500	sgd	0.9046650717703351	0.9437907216995092	0.89375
logistic	0.01	True	(100,)	adaptive	1000	sgd	0.9046650717703351	0.9437907216995092	0.89375
logistic	0.001	True	(100,)	adaptive	1000	sgd	0.9046650717703351	0.9437907216995092	0.89375
logistic	0.001	True	(100,)	adaptive	500	sgd	0.9046650717703351	0.9437907216995092	0.89375
logistic	0.1	True	(100,)	adaptive	1000	sgd	0.9046650717703351	0.9437907216995092	0.89375
logistic	0.1	True	(100,)	adaptive	500	sgd	0.9046650717703351	0.9437907216995092	0.89375
logistic	0.01	True	(100,)	adaptive	1000	lbfgs	0.9478298017771701	0.9437011041790454	0.9466193181818182
logistic	0.01	True	(100,)	constant	500	lbfgs	0.9478298017771701	0.9437011041790454	0.9466193181818182
logistic	0.01	True	(100,)	invscaling	500	lbfgs	0.9478298017771701	0.9437011041790454	0.9466193181818182
logistic	0.01	True	(100,)	invscaling	1000	lbfgs	0.9478298017771701	0.9437011041790454	0.9466193181818182
logistic	0.01	True	(100,)	adaptive	500	lbfgs	0.9478298017771701	0.9437011041790454	0.9466193181818182
logistic	0.01	True	(100,)	constant	1000	lbfgs	0.9478298017771701	0.9437011041790454	0.9466193181818182
tanh	0.01	True	(100, 100)	adaptive	500	adam	0.913926862611073	0.9435883827215097	0.9055271464646465
tanh	0.01	True	(100, 100)	constant	500	adam	0.913926862611073	0.9435883827215097	0.9055271464646465
tanh	0.01	True	(100, 100)	constant	1000	adam	0.913926862611073	0.9435883827215097	0.9055271464646465
tanh	0.01	True	(100, 100)	invscaling	1000	adam	0.913926862611073	0.9435883827215097	0.9055271464646465
tanh	0.01	True	(100, 100)	invscaling	500	adam	0.913926862611073	0.9435883827215097	0.9055271464646465
tanh	0.01	True	(100, 100)	adaptive	1000	adam	0.913926862611073	0.9435883827215097	0.9055271464646465
tanh	0.001	True	(100, 100)	invscaling	1000	adam	0.912611073137389	0.943128612606567	0.9039646464646465
tanh	0.001	True	(100, 100)	adaptive	1000	adam	0.912611073137389	0.943128612606567	0.9039646464646465
tanh	0.001	True	(100, 100)	constant	1000	adam	0.912611073137389	0.943128612606567	0.9039646464646465
tanh	0.001	True	(100, 100)	constant	500	adam	0.912611073137389	0.943128612606567	0.9039646464646465
tanh	0.001	True	(100, 100)	invscaling	500	adam	0.912611073137389	0.943128612606567	0.9039646464646465
tanh	0.001	True	(100, 100)	adaptive	500	adam	0.912611073137389	0.943128612606567	0.9039646464646465
tanh	0.1	True	(100,)	constant	500	adam	0.9138585099111415	0.942914306159088	0.9050946969696969
tanh	0.1	True	(100,)	adaptive	1000	adam	0.9138585099111415	0.942914306159088	0.9050946969696969
tanh	0.1	True	(100,)	adaptive	500	adam	0.9138585099111415	0.942914306159088	0.9050946969696969
tanh	0.1	True	(100,)	invscaling	1000	adam	0.9138585099111415	0.942914306159088	0.9050946969696969
tanh	0.1	True	(100,)	constant	1000	adam	0.9138585099111415	0.942914306159088	0.9050946969696969
tanh	0.1	True	(100,)	invscaling	500	adam	0.9138585099111415	0.942914306159088	0.9050946969696969
tanh	0.1	True	(100, 100)	invscaling	500	lbfgs	0.9386363636363637	0.9421432362831794	0.9355650252525253
tanh	0.001	True	(100, 100)	adaptive	500	lbfgs	0.9386363636363637	0.9421432362831794	0.9355650252525253
tanh	0.1	True	(100, 100)	constant	500	lbfgs	0.9386363636363637	0.9421432362831794	0.9355650252525253
tanh	0.1	True	(100, 100)	constant	1000	lbfgs	0.9386363636363637	0.9421432362831794	0.9355650252525253
tanh	0.01	True	(100, 100)	adaptive	500	lbfgs	0.9386363636363637	0.9421432362831794	0.9355650252525253
tanh	0.1	True	(100, 100)	invscaling	1000	lbfgs	0.9386363636363637	0.9421432362831794	0.9355650252525253
tanh	0.1	True	(100, 100)	adaptive	500	lbfgs	0.9386363636363637	0.9421432362831794	0.9355650252525253
tanh	0.01	True	(100, 100)	invscaling	1000	lbfgs	0.9386363636363637	0.9421432362831794	0.9355650252525253
tanh	0.01	True	(100, 100)	constant	500	lbfgs	0.9386363636363637	0.9421432362831794	0.9355650252525253
tanh	0.01	True	(100, 100)	adaptive	1000	lbfgs	0.9386363636363637	0.9421432362831794	0.9355650252525253
tanh	0.01	True	(100, 100)	constant	1000	lbfgs	0.9386363636363637	0.9421432362831794	0.9355650252525253
tanh	0.001	True	(100, 100)	constant	500	lbfgs	0.9386363636363637	0.9421432362831794	0.9355650252525253
tanh	0.001	True	(100, 100)	invscaling	1000	lbfgs	0.9386363636363637	0.9421432362831794	0.9355650252525253
tanh	0.001	True	(100, 100)	invscaling	500	lbfgs	0.9386363636363637	0.9421432362831794	0.9355650252525253
tanh	0.001	True	(100, 100)	constant	1000	lbfgs	0.9386363636363637	0.9421432362831794	0.9355650252525253
tanh	0.01	True	(100, 100)	invscaling	500	lbfgs	0.9386363636363637	0.9421432362831794	0.9355650252525253
tanh	0.1	True	(100, 100)	adaptive	1000	lbfgs	0.9386363636363637	0.9421432362831794	0.9355650252525253
tanh	0.001	True	(100, 100)	adaptive	1000	lbfgs	0.9386363636363637	0.9421432362831794	0.9355650252525253
tanh	0.1	True	(100, 100)	invscaling	1000	adam	0.9126281613123718	0.9414759515421413	0.9044633838383838
tanh	0.1	True	(100, 100)	adaptive	1000	adam	0.9126281613123718	0.9414759515421413	0.9044633838383838
tanh	0.1	True	(100, 100)	constant	500	adam	0.9126281613123718	0.9414759515421413	0.9044633838383838
tanh	0.1	True	(100, 100)	constant	1000	adam	0.9126281613123718	0.9414759515421413	0.9044633838383838
tanh	0.1	True	(100, 100)	invscaling	500	adam	0.9126281613123718	0.9414759515421413	0.9044633838383838
tanh	0.1	True	(100, 100)	adaptive	500	adam	0.9126281613123718	0.9414759515421413	0.9044633838383838
logistic	0.001	True	(100,)	constant	500	lbfgs	0.9478298017771701	0.9412765788133436	0.9470233585858587
logistic	0.001	True	(100,)	constant	1000	lbfgs	0.9478298017771701	0.9412765788133436	0.9470233585858587
logistic	0.001	True	(100,)	adaptive	1000	lbfgs	0.9478298017771701	0.9412765788133436	0.9470233585858587
logistic	0.001	True	(100,)	invscaling	500	lbfgs	0.9478298017771701	0.9412765788133436	0.9470233585858587
logistic	0.001	True	(100,)	invscaling	1000	lbfgs	0.9478298017771701	0.9412765788133436	0.9470233585858587
logistic	0.001	True	(100,)	adaptive	500	lbfgs	0.9478298017771701	0.9412765788133436	0.9470233585858587
tanh	0.01	True	(100,)	invscaling	500	adam	0.9112440191387561	0.9393142025589842	0.9023958333333333
tanh	0.01	True	(100,)	constant	1000	adam	0.9112440191387561	0.9393142025589842	0.9023958333333333
tanh	0.01	True	(100,)	constant	500	adam	0.9112440191387561	0.9393142025589842	0.9023958333333333
tanh	0.01	True	(100,)	invscaling	1000	adam	0.9112440191387561	0.9393142025589842	0.9023958333333333
tanh	0.01	True	(100,)	adaptive	500	adam	0.9112440191387561	0.9393142025589842	0.9023958333333333
tanh	0.01	True	(100,)	adaptive	1000	adam	0.9112440191387561	0.9393142025589842	0.9023958333333333
tanh	0.001	True	(100,)	adaptive	500	adam	0.9099453178400548	0.9363034498708123	0.9012847222222222
tanh	0.001	True	(100,)	invscaling	1000	adam	0.9099453178400548	0.9363034498708123	0.9012847222222222
tanh	0.001	True	(100,)	invscaling	500	adam	0.9099453178400548	0.9363034498708123	0.9012847222222222
tanh	0.001	True	(100,)	constant	1000	adam	0.9099453178400548	0.9363034498708123	0.9012847222222222
tanh	0.001	True	(100,)	constant	500	adam	0.9099453178400548	0.9363034498708123	0.9012847222222222
tanh	0.001	True	(100,)	adaptive	1000	adam	0.9099453178400548	0.9363034498708123	0.9012847222222222
logistic	0.01	True	(100, 100)	constant	500	lbfgs	0.9400034176349965	0.9354105406117791	0.9391193181818182
logistic	0.01	True	(100, 100)	constant	1000	lbfgs	0.9400034176349965	0.9354105406117791	0.9391193181818182
logistic	0.01	True	(100, 100)	invscaling	500	lbfgs	0.9400034176349965	0.9354105406117791	0.9391193181818182
logistic	0.01	True	(100, 100)	invscaling	1000	lbfgs	0.9400034176349965	0.9354105406117791	0.9391193181818182
logistic	0.01	True	(100, 100)	adaptive	500	lbfgs	0.9400034176349965	0.9354105406117791	0.9391193181818182
logistic	0.01	True	(100, 100)	adaptive	1000	lbfgs	0.9400034176349965	0.9354105406117791	0.9391193181818182
tanh	0.01	True	(50, 50)	adaptive	500	lbfgs	0.9399521531100479	0.9348711736947031	0.9389299242424244
tanh	0.01	True	(50, 50)	invscaling	1000	lbfgs	0.9399521531100479	0.9348711736947031	0.9389299242424244
tanh	0.01	True	(50, 50)	invscaling	500	lbfgs	0.9399521531100479	0.9348711736947031	0.9389299242424244
tanh	0.01	True	(50, 50)	constant	1000	lbfgs	0.9399521531100479	0.9348711736947031	0.9389299242424244
tanh	0.001	True	(50, 50)	constant	500	lbfgs	0.9412508544087492	0.9348711736947031	0.9404450757575757
tanh	0.01	True	(50, 50)	constant	500	lbfgs	0.9399521531100479	0.9348711736947031	0.9389299242424244
tanh	0.01	True	(50, 50)	adaptive	1000	lbfgs	0.9399521531100479	0.9348711736947031	0.9389299242424244
tanh	0.001	True	(50, 50)	invscaling	500	lbfgs	0.9412508544087492	0.9348711736947031	0.9404450757575757
tanh	0.001	True	(50, 50)	constant	1000	lbfgs	0.9412508544087492	0.9348711736947031	0.9404450757575757
tanh	0.001	True	(50, 50)	invscaling	1000	lbfgs	0.9412508544087492	0.9348711736947031	0.9404450757575757
tanh	0.001	True	(50, 50)	adaptive	1000	lbfgs	0.9412508544087492	0.9348711736947031	0.9404450757575757
tanh	0.001	True	(50, 50)	adaptive	500	lbfgs	0.9412508544087492	0.9348711736947031	0.9404450757575757
relu	0.1	True	(100, 100)	invscaling	1000	lbfgs	0.9373034859876965	0.9344937651555298	0.9357828282828283
relu	0.1	True	(100, 100)	adaptive	500	lbfgs	0.9373034859876965	0.9344937651555298	0.9357828282828283
relu	0.1	True	(100, 100)	constant	500	lbfgs	0.9373034859876965	0.9344937651555298	0.9357828282828283
relu	0.1	True	(100, 100)	invscaling	500	lbfgs	0.9373034859876965	0.9344937651555298	0.9357828282828283
relu	0.1	True	(100, 100)	adaptive	1000	lbfgs	0.9373034859876965	0.9344937651555298	0.9357828282828283
relu	0.1	True	(100, 100)	constant	1000	lbfgs	0.9373034859876965	0.9344937651555298	0.9357828282828283
logistic	0.01	True	(50,)	adaptive	1000	sgd	0.8852529049897472	0.932256429703037	0.872427398989899
logistic	0.001	True	(50,)	adaptive	500	sgd	0.8852529049897472	0.932256429703037	0.872427398989899
logistic	0.1	True	(50,)	adaptive	1000	sgd	0.8852529049897472	0.932256429703037	0.872427398989899
logistic	0.1	True	(50,)	adaptive	500	sgd	0.8852529049897472	0.932256429703037	0.872427398989899
logistic	0.001	True	(50,)	adaptive	1000	sgd	0.8852529049897472	0.932256429703037	0.872427398989899
logistic	0.01	True	(50,)	adaptive	500	sgd	0.8852529049897472	0.932256429703037	0.872427398989899
tanh	0.1	True	(50, 50)	invscaling	500	adam	0.9205058099794942	0.932147362578845	0.9146654040404039
tanh	0.1	True	(50, 50)	constant	500	adam	0.9205058099794942	0.932147362578845	0.9146654040404039
tanh	0.1	True	(50, 50)	constant	1000	adam	0.9205058099794942	0.932147362578845	0.9146654040404039
tanh	0.1	True	(50, 50)	adaptive	1000	adam	0.9205058099794942	0.932147362578845	0.9146654040404039
tanh	0.1	True	(50, 50)	invscaling	1000	adam	0.9205058099794942	0.932147362578845	0.9146654040404039
tanh	0.1	True	(50, 50)	adaptive	500	adam	0.9205058099794942	0.932147362578845	0.9146654040404039
tanh	0.001	True	(50,)	adaptive	1000	lbfgs	0.9412679425837321	0.9304139601293302	0.9408933080808082
tanh	0.001	True	(50,)	constant	1000	lbfgs	0.9412679425837321	0.9304139601293302	0.9408933080808082
tanh	0.001	True	(50,)	invscaling	500	lbfgs	0.9412679425837321	0.9304139601293302	0.9408933080808082
tanh	0.001	True	(50,)	invscaling	1000	lbfgs	0.9412679425837321	0.9304139601293302	0.9408933080808082
tanh	0.001	True	(50,)	adaptive	500	lbfgs	0.9412679425837321	0.9304139601293302	0.9408933080808082
tanh	0.001	True	(50,)	constant	500	lbfgs	0.9412679425837321	0.9304139601293302	0.9408933080808082
logistic	0.001	True	(50, 50)	constant	1000	lbfgs	0.9321428571428572	0.9302075776596237	0.9296938131313132
logistic	0.001	True	(50, 50)	constant	500	lbfgs	0.9321428571428572	0.9302075776596237	0.9296938131313132
logistic	0.001	True	(50, 50)	invscaling	500	lbfgs	0.9321428571428572	0.9302075776596237	0.9296938131313132
logistic	0.001	True	(50, 50)	invscaling	1000	lbfgs	0.9321428571428572	0.9302075776596237	0.9296938131313132
logistic	0.001	True	(50, 50)	adaptive	500	lbfgs	0.9321428571428572	0.9302075776596237	0.9296938131313132
logistic	0.001	True	(50, 50)	adaptive	1000	lbfgs	0.9321428571428572	0.9302075776596237	0.9296938131313132
relu	0.01	True	(100,)	invscaling	500	lbfgs	0.9347915242652084	0.9300140269285005	0.9332228535353535
relu	0.01	True	(100,)	constant	500	lbfgs	0.9347915242652084	0.9300140269285005	0.9332228535353535
relu	0.01	True	(100,)	adaptive	1000	lbfgs	0.9347915242652084	0.9300140269285005	0.9332228535353535
relu	0.01	True	(100,)	adaptive	500	lbfgs	0.9347915242652084	0.9300140269285005	0.9332228535353535
relu	0.01	True	(100,)	constant	1000	lbfgs	0.9347915242652084	0.9300140269285005	0.9332228535353535
relu	0.01	True	(100,)	invscaling	1000	lbfgs	0.9347915242652084	0.9300140269285005	0.9332228535353535
tanh	0.01	True	(50,)	constant	1000	lbfgs	0.9386534518113466	0.9286570383724084	0.9382417929292931
tanh	0.01	True	(50,)	invscaling	500	lbfgs	0.9386534518113466	0.9286570383724084	0.9382417929292931
tanh	0.01	True	(50,)	constant	500	lbfgs	0.9386534518113466	0.9286570383724084	0.9382417929292931
tanh	0.01	True	(50,)	adaptive	1000	lbfgs	0.9386534518113466	0.9286570383724084	0.9382417929292931
tanh	0.01	True	(50,)	invscaling	1000	lbfgs	0.9386534518113466	0.9286570383724084	0.9382417929292931
tanh	0.01	True	(50,)	adaptive	500	lbfgs	0.9386534518113466	0.9286570383724084	0.9382417929292931
relu	0.001	True	(100, 100)	invscaling	1000	lbfgs	0.9346719070403282	0.9284331590949237	0.933510101010101
relu	0.001	True	(100, 100)	constant	1000	lbfgs	0.9346719070403282	0.9284331590949237	0.933510101010101
relu	0.001	True	(100, 100)	adaptive	1000	lbfgs	0.9346719070403282	0.9284331590949237	0.933510101010101
relu	0.01	True	(100, 100)	invscaling	1000	lbfgs	0.9346719070403282	0.9284331590949237	0.933510101010101
relu	0.01	True	(100, 100)	adaptive	1000	lbfgs	0.9346719070403282	0.9284331590949237	0.933510101010101
relu	0.01	True	(100, 100)	constant	500	lbfgs	0.9346719070403282	0.9284331590949237	0.933510101010101
relu	0.001	True	(100, 100)	adaptive	500	lbfgs	0.9346719070403282	0.9284331590949237	0.933510101010101
relu	0.01	True	(100, 100)	adaptive	500	lbfgs	0.9346719070403282	0.9284331590949237	0.933510101010101
relu	0.001	True	(100, 100)	invscaling	500	lbfgs	0.9346719070403282	0.9284331590949237	0.933510101010101
relu	0.01	True	(100, 100)	invscaling	500	lbfgs	0.9346719070403282	0.9284331590949237	0.933510101010101
relu	0.001	True	(100, 100)	constant	500	lbfgs	0.9346719070403282	0.9284331590949237	0.933510101010101
relu	0.01	True	(100, 100)	constant	1000	lbfgs	0.9346719070403282	0.9284331590949237	0.933510101010101
logistic	0.1	True	(50,)	constant	500	lbfgs	0.9400205058099795	0.9279358054611604	0.9394507575757578
logistic	0.1	True	(50,)	constant	1000	lbfgs	0.9400205058099795	0.9279358054611604	0.9394507575757578
logistic	0.1	True	(50,)	adaptive	1000	lbfgs	0.9400205058099795	0.9279358054611604	0.9394507575757578
logistic	0.1	True	(50,)	invscaling	500	lbfgs	0.9400205058099795	0.9279358054611604	0.9394507575757578
logistic	0.1	True	(50,)	adaptive	500	lbfgs	0.9400205058099795	0.9279358054611604	0.9394507575757578
logistic	0.1	True	(50,)	invscaling	1000	lbfgs	0.9400205058099795	0.9279358054611604	0.9394507575757578
tanh	0.1	True	(50, 50)	invscaling	500	lbfgs	0.9347231715652768	0.9275516051715741	0.9336237373737374
tanh	0.1	True	(50, 50)	invscaling	1000	lbfgs	0.9347231715652768	0.9275516051715741	0.9336237373737374
tanh	0.1	True	(50, 50)	constant	1000	lbfgs	0.9347231715652768	0.9275516051715741	0.9336237373737374
tanh	0.1	True	(50, 50)	adaptive	500	lbfgs	0.9347231715652768	0.9275516051715741	0.9336237373737374
tanh	0.1	True	(50, 50)	adaptive	1000	lbfgs	0.9347231715652768	0.9275516051715741	0.9336237373737374
tanh	0.1	True	(50, 50)	constant	500	lbfgs	0.9347231715652768	0.9275516051715741	0.9336237373737374
relu	0.1	True	(100,)	constant	500	lbfgs	0.9296308954203691	0.926541250800993	0.927616792929293
relu	0.1	True	(100,)	adaptive	1000	lbfgs	0.9296308954203691	0.926541250800993	0.927616792929293
relu	0.1	True	(100,)	invscaling	1000	lbfgs	0.9296308954203691	0.926541250800993	0.927616792929293
relu	0.1	True	(100,)	adaptive	500	lbfgs	0.9296308954203691	0.926541250800993	0.927616792929293
relu	0.1	True	(100,)	constant	1000	lbfgs	0.9296308954203691	0.926541250800993	0.927616792929293
relu	0.1	True	(100,)	invscaling	500	lbfgs	0.9296308954203691	0.926541250800993	0.927616792929293
tanh	0.01	True	(50, 50)	constant	1000	adam	0.9126965140123036	0.924744730577428	0.9063352272727272
tanh	0.01	True	(50, 50)	invscaling	500	adam	0.9126965140123036	0.924744730577428	0.9063352272727272
tanh	0.01	True	(50, 50)	adaptive	500	adam	0.9126965140123036	0.924744730577428	0.9063352272727272
tanh	0.01	True	(50, 50)	constant	500	adam	0.9126965140123036	0.924744730577428	0.9063352272727272
tanh	0.01	True	(50, 50)	adaptive	1000	adam	0.9126965140123036	0.924744730577428	0.9063352272727272
tanh	0.01	True	(50, 50)	invscaling	1000	adam	0.9126965140123036	0.924744730577428	0.9063352272727272
tanh	0.001	True	(50, 50)	invscaling	1000	adam	0.9113807245386194	0.924399902991221	0.9047727272727272
tanh	0.001	True	(50, 50)	constant	500	adam	0.9113807245386194	0.924399902991221	0.9047727272727272
tanh	0.001	True	(50, 50)	invscaling	500	adam	0.9113807245386194	0.924399902991221	0.9047727272727272
tanh	0.001	True	(50, 50)	constant	1000	adam	0.9113807245386194	0.924399902991221	0.9047727272727272
tanh	0.001	True	(50, 50)	adaptive	1000	adam	0.9113807245386194	0.924399902991221	0.9047727272727272
tanh	0.001	True	(50, 50)	adaptive	500	adam	0.9113807245386194	0.924399902991221	0.9047727272727272
logistic	0.01	True	(50, 50)	constant	1000	lbfgs	0.9347402597402598	0.9236947031064678	0.9345044191919193
logistic	0.01	True	(50, 50)	constant	500	lbfgs	0.9347402597402598	0.9236947031064678	0.9345044191919193
logistic	0.01	True	(50, 50)	invscaling	1000	lbfgs	0.9347402597402598	0.9236947031064678	0.9345044191919193
logistic	0.01	True	(50, 50)	adaptive	500	lbfgs	0.9347402597402598	0.9236947031064678	0.9345044191919193
logistic	0.01	True	(50, 50)	adaptive	1000	lbfgs	0.9347402597402598	0.9236947031064678	0.9345044191919193
logistic	0.01	True	(50, 50)	invscaling	500	lbfgs	0.9347402597402598	0.9236947031064678	0.9345044191919193
relu	0.001	True	(100,)	adaptive	500	lbfgs	0.9321770334928228	0.9236235154791658	0.9309501262626263
relu	0.001	True	(100,)	constant	1000	lbfgs	0.9321770334928228	0.9236235154791658	0.9309501262626263
relu	0.001	True	(100,)	constant	500	lbfgs	0.9321770334928228	0.9236235154791658	0.9309501262626263
relu	0.001	True	(100,)	adaptive	1000	lbfgs	0.9321770334928228	0.9236235154791658	0.9309501262626263
relu	0.001	True	(100,)	invscaling	500	lbfgs	0.9321770334928228	0.9236235154791658	0.9309501262626263
relu	0.001	True	(100,)	invscaling	1000	lbfgs	0.9321770334928228	0.9236235154791658	0.9309501262626263
logistic	0.1	True	(50,)	constant	1000	sgd	0.8683356117566644	0.9204294424728241	0.8527777777777776
logistic	0.1	True	(50,)	constant	500	sgd	0.8683356117566644	0.9204294424728241	0.8527777777777776
logistic	0.001	True	(50,)	constant	1000	sgd	0.8683356117566644	0.9204294424728241	0.8527777777777776
logistic	0.001	True	(50,)	constant	500	sgd	0.8683356117566644	0.9204294424728241	0.8527777777777776
logistic	0.01	True	(50,)	constant	500	sgd	0.8683356117566644	0.9204294424728241	0.8527777777777776
logistic	0.01	True	(50,)	constant	1000	sgd	0.8683356117566644	0.9204294424728241	0.8527777777777776
tanh	0.1	True	(50,)	adaptive	500	lbfgs	0.9321086807928912	0.9191872448122448	0.9317550505050505
tanh	0.1	True	(50,)	invscaling	500	lbfgs	0.9321086807928912	0.9191872448122448	0.9317550505050505
tanh	0.1	True	(50,)	adaptive	1000	lbfgs	0.9321086807928912	0.9191872448122448	0.9317550505050505
tanh	0.1	True	(50,)	constant	500	lbfgs	0.9321086807928912	0.9191872448122448	0.9317550505050505
tanh	0.1	True	(50,)	invscaling	1000	lbfgs	0.9321086807928912	0.9191872448122448	0.9317550505050505
tanh	0.1	True	(50,)	constant	1000	lbfgs	0.9321086807928912	0.9191872448122448	0.9317550505050505
relu	0.1	True	(50,)	constant	500	lbfgs	0.9321599453178401	0.9165991817779744	0.9317329545454547
relu	0.1	True	(50,)	adaptive	1000	lbfgs	0.9321599453178401	0.9165991817779744	0.9317329545454547
relu	0.1	True	(50,)	invscaling	500	lbfgs	0.9321599453178401	0.9165991817779744	0.9317329545454547
relu	0.1	True	(50,)	adaptive	500	lbfgs	0.9321599453178401	0.9165991817779744	0.9317329545454547
relu	0.1	True	(50,)	invscaling	1000	lbfgs	0.9321599453178401	0.9165991817779744	0.9317329545454547
relu	0.1	True	(50,)	constant	1000	lbfgs	0.9321599453178401	0.9165991817779744	0.9317329545454547
logistic	0.1	True	(100, 100)	constant	1000	lbfgs	0.9308954203691047	0.9161557209525475	0.9307891414141414
logistic	0.1	True	(100, 100)	adaptive	1000	lbfgs	0.9308954203691047	0.9161557209525475	0.9307891414141414
logistic	0.1	True	(100, 100)	adaptive	500	lbfgs	0.9308954203691047	0.9161557209525475	0.9307891414141414
logistic	0.1	True	(100, 100)	invscaling	1000	lbfgs	0.9308954203691047	0.9161557209525475	0.9307891414141414
logistic	0.1	True	(100, 100)	invscaling	500	lbfgs	0.9308954203691047	0.9161557209525475	0.9307891414141414
logistic	0.1	True	(100, 100)	constant	500	lbfgs	0.9308954203691047	0.9161557209525475	0.9307891414141414
identity	0.1	True	(50, 50)	constant	500	lbfgs	0.9321599453178401	0.9103217648083268	0.932515782828283
identity	0.1	True	(50, 50)	invscaling	500	lbfgs	0.9321599453178401	0.9103217648083268	0.932515782828283
identity	0.1	True	(50, 50)	adaptive	500	lbfgs	0.9321599453178401	0.9103217648083268	0.932515782828283
identity	0.1	True	(50, 50)	invscaling	1000	lbfgs	0.9321599453178401	0.9103217648083268	0.932515782828283
identity	0.1	True	(50, 50)	constant	1000	lbfgs	0.9321599453178401	0.9103217648083268	0.932515782828283
identity	0.1	True	(50, 50)	adaptive	1000	lbfgs	0.9321599453178401	0.9103217648083268	0.932515782828283
relu	0.01	True	(50,)	invscaling	500	lbfgs	0.9256151742993847	0.9093125443957486	0.9252241161616162
relu	0.01	True	(50,)	constant	500	lbfgs	0.9256151742993847	0.9093125443957486	0.9252241161616162
relu	0.01	True	(50,)	adaptive	1000	lbfgs	0.9256151742993847	0.9093125443957486	0.9252241161616162
relu	0.01	True	(50,)	invscaling	1000	lbfgs	0.9256151742993847	0.9093125443957486	0.9252241161616162
relu	0.01	True	(50,)	constant	1000	lbfgs	0.9256151742993847	0.9093125443957486	0.9252241161616162
relu	0.01	True	(50,)	adaptive	500	lbfgs	0.9256151742993847	0.9093125443957486	0.9252241161616162
identity	0.001	True	(50, 50)	invscaling	1000	lbfgs	0.932177033492823	0.9065244786948641	0.9333680555555557
identity	0.001	True	(50, 50)	invscaling	500	lbfgs	0.932177033492823	0.9065244786948641	0.9333680555555557
identity	0.001	True	(50, 50)	adaptive	500	lbfgs	0.932177033492823	0.9065244786948641	0.9333680555555557
identity	0.001	True	(50, 50)	adaptive	1000	lbfgs	0.932177033492823	0.9065244786948641	0.9333680555555557
identity	0.001	True	(50, 50)	constant	1000	lbfgs	0.932177033492823	0.9065244786948641	0.9333680555555557
identity	0.01	True	(50, 50)	invscaling	500	lbfgs	0.932177033492823	0.9065244786948641	0.9333680555555557
identity	0.01	True	(50, 50)	constant	500	lbfgs	0.932177033492823	0.9065244786948641	0.9333680555555557
identity	0.01	True	(50, 50)	adaptive	500	lbfgs	0.932177033492823	0.9065244786948641	0.9333680555555557
identity	0.001	True	(50, 50)	constant	500	lbfgs	0.932177033492823	0.9065244786948641	0.9333680555555557
identity	0.01	True	(50, 50)	adaptive	1000	lbfgs	0.932177033492823	0.9065244786948641	0.9333680555555557
identity	0.01	True	(50, 50)	constant	1000	lbfgs	0.932177033492823	0.9065244786948641	0.9333680555555557
identity	0.01	True	(50, 50)	invscaling	1000	lbfgs	0.932177033492823	0.9065244786948641	0.9333680555555557
relu	0.001	True	(50,)	adaptive	500	lbfgs	0.9243164730006834	0.9054792110624152	0.9240877525252525
relu	0.001	True	(50,)	constant	500	lbfgs	0.9243164730006834	0.9054792110624152	0.9240877525252525
relu	0.001	True	(50,)	constant	1000	lbfgs	0.9243164730006834	0.9054792110624152	0.9240877525252525
relu	0.001	True	(50,)	invscaling	1000	lbfgs	0.9243164730006834	0.9054792110624152	0.9240877525252525
relu	0.001	True	(50,)	invscaling	500	lbfgs	0.9243164730006834	0.9054792110624152	0.9240877525252525
relu	0.001	True	(50,)	adaptive	1000	lbfgs	0.9243164730006834	0.9054792110624152	0.9240877525252525
relu	0.1	True	(100, 100)	invscaling	1000	adam	0.9059979494190019	0.9054744819896949	0.9020486111111111
relu	0.1	True	(100, 100)	constant	1000	adam	0.9059979494190019	0.9054744819896949	0.9020486111111111
relu	0.1	True	(100, 100)	constant	500	adam	0.9059979494190019	0.9054744819896949	0.9020486111111111
relu	0.1	True	(100, 100)	adaptive	1000	adam	0.9059979494190019	0.9054744819896949	0.9020486111111111
relu	0.1	True	(100, 100)	invscaling	500	adam	0.9059979494190019	0.9054744819896949	0.9020486111111111
relu	0.1	True	(100, 100)	adaptive	500	adam	0.9059979494190019	0.9054744819896949	0.9020486111111111
relu	0.1	True	(50, 50)	constant	500	lbfgs	0.9242822966507177	0.9049087998409948	0.9240625
relu	0.1	True	(50, 50)	adaptive	500	lbfgs	0.9242822966507177	0.9049087998409948	0.9240625
relu	0.1	True	(50, 50)	adaptive	1000	lbfgs	0.9242822966507177	0.9049087998409948	0.9240625
relu	0.1	True	(50, 50)	constant	1000	lbfgs	0.9242822966507177	0.9049087998409948	0.9240625
relu	0.1	True	(50, 50)	invscaling	500	lbfgs	0.9242822966507177	0.9049087998409948	0.9240625
relu	0.1	True	(50, 50)	invscaling	1000	lbfgs	0.9242822966507177	0.9049087998409948	0.9240625
tanh	0.01	True	(50,)	constant	1000	adam	0.8956083390293916	0.9044262093552154	0.8886205808080808
tanh	0.01	True	(50,)	invscaling	1000	adam	0.8956083390293916	0.9044262093552154	0.8886205808080808
tanh	0.01	True	(50,)	adaptive	1000	adam	0.8956083390293916	0.9044262093552154	0.8886205808080808
tanh	0.01	True	(50,)	adaptive	500	adam	0.8956083390293916	0.9044262093552154	0.8886205808080808
tanh	0.01	True	(50,)	constant	500	adam	0.8956083390293916	0.9044262093552154	0.8886205808080808
tanh	0.01	True	(50,)	invscaling	500	adam	0.8956083390293916	0.9044262093552154	0.8886205808080808
tanh	0.1	True	(50,)	invscaling	1000	adam	0.8943096377306905	0.9037768587058647	0.8871054292929292
tanh	0.1	True	(50,)	adaptive	1000	adam	0.8943096377306905	0.9037768587058647	0.8871054292929292
tanh	0.1	True	(50,)	invscaling	500	adam	0.8943096377306905	0.9037768587058647	0.8871054292929292
tanh	0.1	True	(50,)	constant	500	adam	0.8943096377306905	0.9037768587058647	0.8871054292929292
tanh	0.1	True	(50,)	constant	1000	adam	0.8943096377306905	0.9037768587058647	0.8871054292929292
tanh	0.1	True	(50,)	adaptive	500	adam	0.8943096377306905	0.9037768587058647	0.8871054292929292
relu	0.01	True	(100, 100)	adaptive	500	adam	0.9047163362952835	0.9032862712822146	0.9009848484848486
relu	0.01	True	(100, 100)	invscaling	1000	adam	0.9047163362952835	0.9032862712822146	0.9009848484848486
relu	0.01	True	(100, 100)	invscaling	500	adam	0.9047163362952835	0.9032862712822146	0.9009848484848486
relu	0.01	True	(100, 100)	constant	1000	adam	0.9047163362952835	0.9032862712822146	0.9009848484848486
relu	0.01	True	(100, 100)	adaptive	1000	adam	0.9047163362952835	0.9032862712822146	0.9009848484848486
relu	0.01	True	(100, 100)	constant	500	adam	0.9047163362952835	0.9032862712822146	0.9009848484848486
relu	0.001	True	(100, 100)	constant	500	adam	0.9047163362952835	0.9032862712822146	0.9009848484848486
relu	0.001	True	(100, 100)	constant	1000	adam	0.9047163362952835	0.9032862712822146	0.9009848484848486
relu	0.001	True	(100, 100)	invscaling	1000	adam	0.9047163362952835	0.9032862712822146	0.9009848484848486
relu	0.001	True	(100, 100)	adaptive	500	adam	0.9047163362952835	0.9032862712822146	0.9009848484848486
relu	0.001	True	(100, 100)	adaptive	1000	adam	0.9047163362952835	0.9032862712822146	0.9009848484848486
relu	0.001	True	(100, 100)	invscaling	500	adam	0.9047163362952835	0.9032862712822146	0.9009848484848486
identity	0.1	True	(50,)	invscaling	1000	lbfgs	0.9256664388243336	0.9021781738705364	0.9260574494949495
identity	0.1	True	(50,)	invscaling	500	lbfgs	0.9256664388243336	0.9021781738705364	0.9260574494949495
identity	0.1	True	(50,)	constant	1000	lbfgs	0.9256664388243336	0.9021781738705364	0.9260574494949495
identity	0.1	True	(50,)	adaptive	500	lbfgs	0.9256664388243336	0.9021781738705364	0.9260574494949495
identity	0.1	True	(50,)	constant	500	lbfgs	0.9256664388243336	0.9021781738705364	0.9260574494949495
identity	0.1	True	(50,)	adaptive	1000	lbfgs	0.9256664388243336	0.9021781738705364	0.9260574494949495
tanh	0.001	True	(50,)	constant	1000	adam	0.8917122351332878	0.9011118154158215	0.8843844696969697
tanh	0.001	True	(50,)	constant	500	adam	0.8917122351332878	0.9011118154158215	0.8843844696969697
tanh	0.001	True	(50,)	invscaling	500	adam	0.8917122351332878	0.9011118154158215	0.8843844696969697
tanh	0.001	True	(50,)	adaptive	500	adam	0.8917122351332878	0.9011118154158215	0.8843844696969697
tanh	0.001	True	(50,)	invscaling	1000	adam	0.8917122351332878	0.9011118154158215	0.8843844696969697
tanh	0.001	True	(50,)	adaptive	1000	adam	0.8917122351332878	0.9011118154158215	0.8843844696969697
relu	0.01	True	(50, 50)	adaptive	1000	lbfgs	0.9190533151059468	0.8951072938513267	0.9195170454545455
relu	0.01	True	(50, 50)	invscaling	1000	lbfgs	0.9190533151059468	0.8951072938513267	0.9195170454545455
relu	0.001	True	(50, 50)	adaptive	500	lbfgs	0.9190533151059468	0.8951072938513267	0.9195170454545455
relu	0.01	True	(50, 50)	constant	500	lbfgs	0.9190533151059468	0.8951072938513267	0.9195170454545455
relu	0.001	True	(50, 50)	invscaling	1000	lbfgs	0.9190533151059468	0.8951072938513267	0.9195170454545455
relu	0.01	True	(50, 50)	constant	1000	lbfgs	0.9190533151059468	0.8951072938513267	0.9195170454545455
relu	0.001	True	(50, 50)	invscaling	500	lbfgs	0.9190533151059468	0.8951072938513267	0.9195170454545455
relu	0.01	True	(50, 50)	invscaling	500	lbfgs	0.9190533151059468	0.8951072938513267	0.9195170454545455
relu	0.001	True	(50, 50)	constant	1000	lbfgs	0.9190533151059468	0.8951072938513267	0.9195170454545455
relu	0.001	True	(50, 50)	adaptive	1000	lbfgs	0.9190533151059468	0.8951072938513267	0.9195170454545455
relu	0.01	True	(50, 50)	adaptive	500	lbfgs	0.9190533151059468	0.8951072938513267	0.9195170454545455
relu	0.001	True	(50, 50)	constant	500	lbfgs	0.9190533151059468	0.8951072938513267	0.9195170454545455
logistic	0.1	True	(50, 50)	adaptive	1000	lbfgs	0.9256322624743678	0.8949751060298728	0.9273800505050505
logistic	0.1	True	(50, 50)	invscaling	1000	lbfgs	0.9256322624743678	0.8949751060298728	0.9273800505050505
logistic	0.1	True	(50, 50)	invscaling	500	lbfgs	0.9256322624743678	0.8949751060298728	0.9273800505050505
logistic	0.1	True	(50, 50)	adaptive	500	lbfgs	0.9256322624743678	0.8949751060298728	0.9273800505050505
logistic	0.1	True	(50, 50)	constant	1000	lbfgs	0.9256322624743678	0.8949751060298728	0.9273800505050505
logistic	0.1	True	(50, 50)	constant	500	lbfgs	0.9256322624743678	0.8949751060298728	0.9273800505050505
identity	0.1	True	(100,)	adaptive	1000	lbfgs	0.9191045796308954	0.8949607547225644	0.9194949494949494
identity	0.1	True	(100,)	adaptive	500	lbfgs	0.9191045796308954	0.8949607547225644	0.9194949494949494
identity	0.1	True	(100,)	invscaling	1000	lbfgs	0.9191045796308954	0.8949607547225644	0.9194949494949494
identity	0.1	True	(100,)	constant	1000	lbfgs	0.9191045796308954	0.8949607547225644	0.9194949494949494
identity	0.1	True	(100,)	invscaling	500	lbfgs	0.9191045796308954	0.8949607547225644	0.9194949494949494
identity	0.1	True	(100,)	constant	500	lbfgs	0.9191045796308954	0.8949607547225644	0.9194949494949494
identity	0.01	True	(100,)	adaptive	500	lbfgs	0.9191216678058783	0.8949505688300257	0.919520202020202
identity	0.01	True	(100,)	invscaling	1000	lbfgs	0.9191216678058783	0.8949505688300257	0.919520202020202
identity	0.01	True	(100,)	adaptive	1000	lbfgs	0.9191216678058783	0.8949505688300257	0.919520202020202
identity	0.01	True	(100,)	invscaling	500	lbfgs	0.9191216678058783	0.8949505688300257	0.919520202020202
identity	0.01	True	(100,)	constant	500	lbfgs	0.9191216678058783	0.8949505688300257	0.919520202020202
identity	0.01	True	(100,)	constant	1000	lbfgs	0.9191216678058783	0.8949505688300257	0.919520202020202
identity	0.001	True	(100,)	adaptive	500	lbfgs	0.9178058783321941	0.8947611748906317	0.917957702020202
identity	0.001	True	(100,)	constant	500	lbfgs	0.9178058783321941	0.8947611748906317	0.917957702020202
identity	0.001	True	(100,)	adaptive	1000	lbfgs	0.9178058783321941	0.8947611748906317	0.917957702020202
identity	0.001	True	(100,)	invscaling	1000	lbfgs	0.9178058783321941	0.8947611748906317	0.917957702020202
identity	0.001	True	(100,)	constant	1000	lbfgs	0.9178058783321941	0.8947611748906317	0.917957702020202
identity	0.001	True	(100,)	invscaling	500	lbfgs	0.9178058783321941	0.8947611748906317	0.917957702020202
identity	0.1	True	(100, 100)	invscaling	500	lbfgs	0.91120984278879	0.8937606135590007	0.9106881313131312
identity	0.1	True	(100, 100)	adaptive	500	lbfgs	0.91120984278879	0.8937606135590007	0.9106881313131312
identity	0.1	True	(100, 100)	invscaling	1000	lbfgs	0.91120984278879	0.8937606135590007	0.9106881313131312
identity	0.1	True	(100, 100)	adaptive	1000	lbfgs	0.91120984278879	0.8937606135590007	0.9106881313131312
identity	0.1	True	(100, 100)	constant	1000	lbfgs	0.91120984278879	0.8937606135590007	0.9106881313131312
identity	0.1	True	(100, 100)	constant	500	lbfgs	0.91120984278879	0.8937606135590007	0.9106881313131312
relu	0.001	True	(50, 50)	adaptive	500	adam	0.900768967874231	0.8937359117036076	0.8983775252525253
relu	0.001	True	(50, 50)	invscaling	500	adam	0.900768967874231	0.8937359117036076	0.8983775252525253
relu	0.001	True	(50, 50)	constant	500	adam	0.900768967874231	0.8937359117036076	0.8983775252525253
relu	0.001	True	(50, 50)	adaptive	1000	adam	0.900768967874231	0.8937359117036076	0.8983775252525253
relu	0.001	True	(50, 50)	constant	1000	adam	0.900768967874231	0.8937359117036076	0.8983775252525253
relu	0.001	True	(50, 50)	invscaling	1000	adam	0.900768967874231	0.8937359117036076	0.8983775252525253
relu	0.01	True	(50, 50)	adaptive	1000	adam	0.9007518796992482	0.8930878702289531	0.8983522727272728
relu	0.01	True	(50, 50)	invscaling	500	adam	0.9007518796992482	0.8930878702289531	0.8983522727272728
relu	0.01	True	(50, 50)	adaptive	500	adam	0.9007518796992482	0.8930878702289531	0.8983522727272728
relu	0.01	True	(50, 50)	invscaling	1000	adam	0.9007518796992482	0.8930878702289531	0.8983522727272728
relu	0.01	True	(50, 50)	constant	500	adam	0.9007518796992482	0.8930878702289531	0.8983522727272728
relu	0.01	True	(50, 50)	constant	1000	adam	0.9007518796992482	0.8930878702289531	0.8983522727272728
relu	0.1	True	(50, 50)	constant	1000	adam	0.8994531784005467	0.8927313639900939	0.8967897727272728
relu	0.1	True	(50, 50)	invscaling	500	adam	0.8994531784005467	0.8927313639900939	0.8967897727272728
relu	0.1	True	(50, 50)	constant	500	adam	0.8994531784005467	0.8927313639900939	0.8967897727272728
relu	0.1	True	(50, 50)	invscaling	1000	adam	0.8994531784005467	0.8927313639900939	0.8967897727272728
relu	0.1	True	(50, 50)	adaptive	500	adam	0.8994531784005467	0.8927313639900939	0.8967897727272728
relu	0.1	True	(50, 50)	adaptive	1000	adam	0.8994531784005467	0.8927313639900939	0.8967897727272728
identity	0.01	True	(50,)	adaptive	1000	lbfgs	0.9243848257006153	0.8924670205920207	0.9261994949494949
identity	0.001	True	(50,)	adaptive	1000	lbfgs	0.9243848257006153	0.8924670205920207	0.9261994949494949
identity	0.001	True	(50,)	adaptive	500	lbfgs	0.9243848257006153	0.8924670205920207	0.9261994949494949
identity	0.001	True	(50,)	invscaling	1000	lbfgs	0.9243848257006153	0.8924670205920207	0.9261994949494949
identity	0.01	True	(50,)	constant	500	lbfgs	0.9243848257006153	0.8924670205920207	0.9261994949494949
identity	0.001	True	(50,)	invscaling	500	lbfgs	0.9243848257006153	0.8924670205920207	0.9261994949494949
identity	0.001	True	(50,)	constant	1000	lbfgs	0.9243848257006153	0.8924670205920207	0.9261994949494949
identity	0.01	True	(50,)	adaptive	500	lbfgs	0.9243848257006153	0.8924670205920207	0.9261994949494949
identity	0.01	True	(50,)	invscaling	1000	lbfgs	0.9243848257006153	0.8924670205920207	0.9261994949494949
identity	0.01	True	(50,)	invscaling	500	lbfgs	0.9243848257006153	0.8924670205920207	0.9261994949494949
identity	0.001	True	(50,)	constant	500	lbfgs	0.9243848257006153	0.8924670205920207	0.9261994949494949
identity	0.01	True	(50,)	constant	1000	lbfgs	0.9243848257006153	0.8924670205920207	0.9261994949494949
identity	0.01	True	(100,)	constant	500	adam	0.895522898154477	0.8919690056938634	0.8907986111111112
identity	0.1	True	(100,)	adaptive	500	adam	0.895522898154477	0.8919690056938634	0.8907986111111112
identity	0.01	True	(100,)	constant	1000	adam	0.895522898154477	0.8919690056938634	0.8907986111111112
identity	0.1	True	(100,)	invscaling	1000	adam	0.895522898154477	0.8919690056938634	0.8907986111111112
identity	0.1	True	(100,)	invscaling	500	adam	0.895522898154477	0.8919690056938634	0.8907986111111112
identity	0.1	True	(100,)	constant	1000	adam	0.895522898154477	0.8919690056938634	0.8907986111111112
identity	0.1	True	(100,)	constant	500	adam	0.895522898154477	0.8919690056938634	0.8907986111111112
identity	0.01	True	(100,)	invscaling	500	adam	0.895522898154477	0.8919690056938634	0.8907986111111112
identity	0.1	True	(100,)	adaptive	1000	adam	0.895522898154477	0.8919690056938634	0.8907986111111112
identity	0.001	True	(100,)	adaptive	500	adam	0.895522898154477	0.8919690056938634	0.8907986111111112
identity	0.01	True	(100,)	invscaling	1000	adam	0.895522898154477	0.8919690056938634	0.8907986111111112
identity	0.01	True	(100,)	adaptive	500	adam	0.895522898154477	0.8919690056938634	0.8907986111111112
identity	0.001	True	(100,)	adaptive	1000	adam	0.895522898154477	0.8919690056938634	0.8907986111111112
identity	0.001	True	(100,)	invscaling	500	adam	0.895522898154477	0.8919690056938634	0.8907986111111112
identity	0.001	True	(100,)	constant	1000	adam	0.895522898154477	0.8919690056938634	0.8907986111111112
identity	0.001	True	(100,)	constant	500	adam	0.895522898154477	0.8919690056938634	0.8907986111111112
identity	0.001	True	(100,)	invscaling	1000	adam	0.895522898154477	0.8919690056938634	0.8907986111111112
identity	0.01	True	(100,)	adaptive	1000	adam	0.895522898154477	0.8919690056938634	0.8907986111111112
identity	0.1	True	(50,)	constant	1000	sgd	0.9020676691729322	0.8905317755685402	0.899848484848485
identity	0.001	True	(50,)	adaptive	1000	sgd	0.9020676691729322	0.8905317755685402	0.899848484848485
identity	0.001	True	(50,)	adaptive	500	sgd	0.9020676691729322	0.8905317755685402	0.899848484848485
identity	0.01	True	(50,)	constant	500	sgd	0.9020676691729322	0.8905317755685402	0.899848484848485
identity	0.1	True	(50,)	adaptive	1000	sgd	0.9020676691729322	0.8905317755685402	0.899848484848485
identity	0.01	True	(50,)	constant	1000	sgd	0.9020676691729322	0.8905317755685402	0.899848484848485
identity	0.1	True	(50,)	adaptive	500	sgd	0.9020676691729322	0.8905317755685402	0.899848484848485
identity	0.001	True	(50,)	constant	1000	sgd	0.9020676691729322	0.8905317755685402	0.899848484848485
identity	0.1	True	(50,)	constant	500	sgd	0.9020676691729322	0.8905317755685402	0.899848484848485
identity	0.01	True	(50,)	adaptive	500	sgd	0.9020676691729322	0.8905317755685402	0.899848484848485
identity	0.001	True	(50,)	constant	500	sgd	0.9020676691729322	0.8905317755685402	0.899848484848485
identity	0.01	True	(50,)	adaptive	1000	sgd	0.9020676691729322	0.8905317755685402	0.899848484848485
identity	0.01	True	(100, 100)	invscaling	1000	lbfgs	0.9047676008202323	0.8877031380928442	0.9039709595959595
identity	0.001	True	(100, 100)	adaptive	500	lbfgs	0.9047676008202323	0.8877031380928442	0.9039709595959595
identity	0.01	True	(100, 100)	constant	1000	lbfgs	0.9047676008202323	0.8877031380928442	0.9039709595959595
identity	0.01	True	(100, 100)	adaptive	500	lbfgs	0.9047676008202323	0.8877031380928442	0.9039709595959595
identity	0.01	True	(100, 100)	constant	500	lbfgs	0.9047676008202323	0.8877031380928442	0.9039709595959595
identity	0.01	True	(100, 100)	adaptive	1000	lbfgs	0.9047676008202323	0.8877031380928442	0.9039709595959595
identity	0.01	True	(100, 100)	invscaling	500	lbfgs	0.9047676008202323	0.8877031380928442	0.9039709595959595
identity	0.001	True	(100, 100)	adaptive	1000	lbfgs	0.9047676008202323	0.8877031380928442	0.9039709595959595
identity	0.001	True	(100, 100)	invscaling	500	lbfgs	0.9047676008202323	0.8877031380928442	0.9039709595959595
identity	0.001	True	(100, 100)	constant	1000	lbfgs	0.9047676008202323	0.8877031380928442	0.9039709595959595
identity	0.001	True	(100, 100)	constant	500	lbfgs	0.9047676008202323	0.8877031380928442	0.9039709595959595
identity	0.001	True	(100, 100)	invscaling	1000	lbfgs	0.9047676008202323	0.8877031380928442	0.9039709595959595
identity	0.1	True	(100,)	constant	1000	sgd	0.8956254272043745	0.8789068836327963	0.8930997474747476
identity	0.001	True	(100,)	adaptive	1000	sgd	0.8956254272043745	0.8789068836327963	0.8930997474747476
identity	0.001	True	(100,)	constant	500	sgd	0.8956254272043745	0.8789068836327963	0.8930997474747476
identity	0.01	True	(100,)	constant	1000	sgd	0.8956254272043745	0.8789068836327963	0.8930997474747476
identity	0.01	True	(100,)	adaptive	1000	sgd	0.8956254272043745	0.8789068836327963	0.8930997474747476
identity	0.001	True	(100,)	adaptive	500	sgd	0.8956254272043745	0.8789068836327963	0.8930997474747476
identity	0.01	True	(100,)	adaptive	500	sgd	0.8956254272043745	0.8789068836327963	0.8930997474747476
identity	0.001	True	(100,)	constant	1000	sgd	0.8956254272043745	0.8789068836327963	0.8930997474747476
identity	0.01	True	(100,)	constant	500	sgd	0.8956254272043745	0.8789068836327963	0.8930997474747476
identity	0.1	True	(100,)	adaptive	1000	sgd	0.8956254272043745	0.8789068836327963	0.8930997474747476
identity	0.1	True	(100,)	adaptive	500	sgd	0.8956254272043745	0.8789068836327963	0.8930997474747476
identity	0.1	True	(100,)	constant	500	sgd	0.8956254272043745	0.8789068836327963	0.8930997474747476
identity	0.1	True	(50, 50)	constant	500	adam	0.9008885850991115	0.8759421421470757	0.9000599747474747
identity	0.1	True	(50, 50)	invscaling	500	adam	0.9008885850991115	0.8759421421470757	0.9000599747474747
identity	0.1	True	(50, 50)	invscaling	1000	adam	0.9008885850991115	0.8759421421470757	0.9000599747474747
identity	0.001	True	(50, 50)	adaptive	500	adam	0.9008885850991115	0.8759421421470757	0.9000599747474747
identity	0.1	True	(50, 50)	adaptive	500	adam	0.9008885850991115	0.8759421421470757	0.9000599747474747
identity	0.001	True	(50, 50)	invscaling	1000	adam	0.9008885850991115	0.8759421421470757	0.9000599747474747
identity	0.1	True	(50, 50)	adaptive	1000	adam	0.9008885850991115	0.8759421421470757	0.9000599747474747
identity	0.1	True	(50, 50)	constant	1000	adam	0.9008885850991115	0.8759421421470757	0.9000599747474747
identity	0.01	True	(50, 50)	constant	500	adam	0.9008885850991115	0.8759421421470757	0.9000599747474747
identity	0.001	True	(50, 50)	adaptive	1000	adam	0.9008885850991115	0.8759421421470757	0.9000599747474747
identity	0.001	True	(50, 50)	invscaling	500	adam	0.9008885850991115	0.8759421421470757	0.9000599747474747
identity	0.01	True	(50, 50)	adaptive	500	adam	0.9008885850991115	0.8759421421470757	0.9000599747474747
identity	0.01	True	(50, 50)	invscaling	1000	adam	0.9008885850991115	0.8759421421470757	0.9000599747474747
identity	0.001	True	(50, 50)	constant	1000	adam	0.9008885850991115	0.8759421421470757	0.9000599747474747
identity	0.01	True	(50, 50)	adaptive	1000	adam	0.9008885850991115	0.8759421421470757	0.9000599747474747
identity	0.01	True	(50, 50)	invscaling	500	adam	0.9008885850991115	0.8759421421470757	0.9000599747474747
identity	0.01	True	(50, 50)	constant	1000	adam	0.9008885850991115	0.8759421421470757	0.9000599747474747
identity	0.001	True	(50, 50)	constant	500	adam	0.9008885850991115	0.8759421421470757	0.9000599747474747
identity	0.1	True	(50,)	constant	1000	adam	0.8969583048530417	0.8735541107813404	0.8960858585858584
identity	0.01	True	(50,)	invscaling	1000	adam	0.8969583048530417	0.8735541107813404	0.8960858585858584
identity	0.1	True	(50,)	invscaling	500	adam	0.8969583048530417	0.8735541107813404	0.8960858585858584
identity	0.1	True	(50,)	invscaling	1000	adam	0.8969583048530417	0.8735541107813404	0.8960858585858584
identity	0.01	True	(50,)	adaptive	500	adam	0.8969583048530417	0.8735541107813404	0.8960858585858584
identity	0.01	True	(50,)	invscaling	500	adam	0.8969583048530417	0.8735541107813404	0.8960858585858584
identity	0.1	True	(50,)	adaptive	500	adam	0.8969583048530417	0.8735541107813404	0.8960858585858584
identity	0.1	True	(50,)	constant	500	adam	0.8969583048530417	0.8735541107813404	0.8960858585858584
identity	0.1	True	(50,)	adaptive	1000	adam	0.8969583048530417	0.8735541107813404	0.8960858585858584
identity	0.01	True	(50,)	constant	1000	adam	0.8969583048530417	0.8735541107813404	0.8960858585858584
identity	0.01	True	(50,)	adaptive	1000	adam	0.8969583048530417	0.8735541107813404	0.8960858585858584
identity	0.01	True	(50,)	constant	500	adam	0.8969583048530417	0.8735541107813404	0.8960858585858584
identity	0.001	True	(50,)	invscaling	500	adam	0.8969583048530417	0.8735541107813404	0.8960858585858584
identity	0.001	True	(50,)	adaptive	1000	adam	0.8969583048530417	0.8735541107813404	0.8960858585858584
identity	0.001	True	(50,)	constant	1000	adam	0.8969583048530417	0.8735541107813404	0.8960858585858584
identity	0.001	True	(50,)	constant	500	adam	0.8969583048530417	0.8735541107813404	0.8960858585858584
identity	0.001	True	(50,)	adaptive	500	adam	0.8969583048530417	0.8735541107813404	0.8960858585858584
identity	0.001	True	(50,)	invscaling	1000	adam	0.8969583048530417	0.8735541107813404	0.8960858585858584
identity	0.001	True	(100, 100)	adaptive	500	adam	0.8890293916609705	0.870147605439571	0.887354797979798
identity	0.001	True	(100, 100)	constant	500	adam	0.8890293916609705	0.870147605439571	0.887354797979798
identity	0.1	True	(100, 100)	constant	1000	adam	0.8890293916609705	0.870147605439571	0.887354797979798
identity	0.01	True	(100, 100)	adaptive	1000	adam	0.8890293916609705	0.870147605439571	0.887354797979798
identity	0.1	True	(100, 100)	invscaling	500	adam	0.8890293916609705	0.870147605439571	0.887354797979798
identity	0.01	True	(100, 100)	adaptive	500	adam	0.8890293916609705	0.870147605439571	0.887354797979798
identity	0.001	True	(100, 100)	constant	1000	adam	0.8890293916609705	0.870147605439571	0.887354797979798
identity	0.01	True	(100, 100)	invscaling	1000	adam	0.8890293916609705	0.870147605439571	0.887354797979798
identity	0.1	True	(100, 100)	invscaling	1000	adam	0.8890293916609705	0.870147605439571	0.887354797979798
identity	0.01	True	(100, 100)	invscaling	500	adam	0.8890293916609705	0.870147605439571	0.887354797979798
identity	0.001	True	(100, 100)	invscaling	500	adam	0.8890293916609705	0.870147605439571	0.887354797979798
identity	0.01	True	(100, 100)	constant	1000	adam	0.8890293916609705	0.870147605439571	0.887354797979798
identity	0.1	True	(100, 100)	adaptive	500	adam	0.8890293916609705	0.870147605439571	0.887354797979798
identity	0.01	True	(100, 100)	constant	500	adam	0.8890293916609705	0.870147605439571	0.887354797979798
identity	0.001	True	(100, 100)	invscaling	1000	adam	0.8890293916609705	0.870147605439571	0.887354797979798
identity	0.001	True	(100, 100)	adaptive	1000	adam	0.8890293916609705	0.870147605439571	0.887354797979798
identity	0.1	True	(100, 100)	constant	500	adam	0.8890293916609705	0.870147605439571	0.887354797979798
identity	0.1	True	(100, 100)	adaptive	1000	adam	0.8890293916609705	0.870147605439571	0.887354797979798
identity	0.001	True	(50, 50)	constant	1000	sgd	0.8943609022556391	0.8691884941110946	0.8941729797979798
identity	0.001	True	(50, 50)	constant	500	sgd	0.8943609022556391	0.8691884941110946	0.8941729797979798
identity	0.001	True	(50, 50)	adaptive	500	sgd	0.8943609022556391	0.8691884941110946	0.8941729797979798
identity	0.1	True	(50, 50)	constant	1000	sgd	0.8943609022556391	0.8691884941110946	0.8941729797979798
identity	0.001	True	(50, 50)	adaptive	1000	sgd	0.8943609022556391	0.8691884941110946	0.8941729797979798
identity	0.1	True	(50, 50)	constant	500	sgd	0.8943609022556391	0.8691884941110946	0.8941729797979798
identity	0.1	True	(50, 50)	adaptive	500	sgd	0.8943609022556391	0.8691884941110946	0.8941729797979798
identity	0.1	True	(50, 50)	adaptive	1000	sgd	0.8943609022556391	0.8691884941110946	0.8941729797979798
identity	0.01	True	(50, 50)	adaptive	1000	sgd	0.8943609022556391	0.8691884941110946	0.8941729797979798
identity	0.01	True	(50, 50)	adaptive	500	sgd	0.8943609022556391	0.8691884941110946	0.8941729797979798
identity	0.01	True	(50, 50)	constant	1000	sgd	0.8943609022556391	0.8691884941110946	0.8941729797979798
identity	0.01	True	(50, 50)	constant	500	sgd	0.8943609022556391	0.8691884941110946	0.8941729797979798
relu	0.1	True	(100,)	invscaling	1000	adam	0.8838687628161311	0.8671029133335635	0.8824053030303031
relu	0.1	True	(100,)	adaptive	500	adam	0.8838687628161311	0.8671029133335635	0.8824053030303031
relu	0.1	True	(100,)	invscaling	500	adam	0.8838687628161311	0.8671029133335635	0.8824053030303031
relu	0.1	True	(100,)	adaptive	1000	adam	0.8838687628161311	0.8671029133335635	0.8824053030303031
relu	0.1	True	(100,)	constant	1000	adam	0.8838687628161311	0.8671029133335635	0.8824053030303031
relu	0.1	True	(100,)	constant	500	adam	0.8838687628161311	0.8671029133335635	0.8824053030303031
relu	0.001	True	(100,)	invscaling	500	adam	0.8838687628161311	0.8671029133335635	0.8824053030303031
relu	0.001	True	(100,)	constant	500	adam	0.8838687628161311	0.8671029133335635	0.8824053030303031
relu	0.001	True	(100,)	constant	1000	adam	0.8838687628161311	0.8671029133335635	0.8824053030303031
relu	0.01	True	(100,)	invscaling	500	adam	0.8838687628161311	0.8671029133335635	0.8824053030303031
relu	0.01	True	(100,)	invscaling	1000	adam	0.8838687628161311	0.8671029133335635	0.8824053030303031
relu	0.01	True	(100,)	adaptive	500	adam	0.8838687628161311	0.8671029133335635	0.8824053030303031
relu	0.01	True	(100,)	adaptive	1000	adam	0.8838687628161311	0.8671029133335635	0.8824053030303031
relu	0.01	True	(100,)	constant	500	adam	0.8838687628161311	0.8671029133335635	0.8824053030303031
relu	0.01	True	(100,)	constant	1000	adam	0.8838687628161311	0.8671029133335635	0.8824053030303031
relu	0.001	True	(100,)	adaptive	1000	adam	0.8838687628161311	0.8671029133335635	0.8824053030303031
relu	0.001	True	(100,)	adaptive	500	adam	0.8838687628161311	0.8671029133335635	0.8824053030303031
relu	0.001	True	(100,)	invscaling	1000	adam	0.8838687628161311	0.8671029133335635	0.8824053030303031
relu	0.1	True	(50,)	constant	500	sgd	0.8760423786739576	0.853915383628066	0.8740246212121212
relu	0.1	True	(50,)	adaptive	1000	sgd	0.8760423786739576	0.853915383628066	0.8740246212121212
relu	0.1	True	(50,)	adaptive	500	sgd	0.8760423786739576	0.853915383628066	0.8740246212121212
relu	0.1	True	(50,)	constant	1000	sgd	0.8760423786739576	0.853915383628066	0.8740246212121212
relu	0.001	True	(50,)	adaptive	1000	adam	0.8799726589200272	0.8521771614051026	0.8794002525252524
relu	0.001	True	(50,)	adaptive	500	adam	0.8799726589200272	0.8521771614051026	0.8794002525252524
relu	0.001	True	(50,)	invscaling	500	adam	0.8799726589200272	0.8521771614051026	0.8794002525252524
relu	0.001	True	(50,)	constant	1000	adam	0.8799726589200272	0.8521771614051026	0.8794002525252524
relu	0.001	True	(50,)	constant	500	adam	0.8799726589200272	0.8521771614051026	0.8794002525252524
relu	0.01	True	(50,)	constant	1000	adam	0.8799726589200272	0.8521771614051026	0.8794002525252524
relu	0.001	True	(50,)	invscaling	1000	adam	0.8799726589200272	0.8521771614051026	0.8794002525252524
relu	0.01	True	(50,)	invscaling	500	adam	0.8799726589200272	0.8521771614051026	0.8794002525252524
relu	0.01	True	(50,)	adaptive	500	adam	0.8799726589200272	0.8521771614051026	0.8794002525252524
relu	0.01	True	(50,)	adaptive	1000	adam	0.8799726589200272	0.8521771614051026	0.8794002525252524
relu	0.01	True	(50,)	constant	500	adam	0.8799726589200272	0.8521771614051026	0.8794002525252524
relu	0.01	True	(50,)	invscaling	1000	adam	0.8799726589200272	0.8521771614051026	0.8794002525252524
relu	0.01	True	(100, 100)	adaptive	500	sgd	0.870710868079289	0.8516037728057295	0.8675599747474749
relu	0.01	True	(100, 100)	adaptive	1000	sgd	0.870710868079289	0.8516037728057295	0.8675599747474749
relu	0.001	True	(100, 100)	adaptive	500	sgd	0.870710868079289	0.8516037728057295	0.8675599747474749
relu	0.001	True	(100, 100)	adaptive	1000	sgd	0.870710868079289	0.8516037728057295	0.8675599747474749
relu	0.1	True	(100, 100)	adaptive	500	sgd	0.8694121667805877	0.8512343146776509	0.8660448232323233
relu	0.1	True	(100, 100)	adaptive	1000	sgd	0.8694121667805877	0.8512343146776509	0.8660448232323233
relu	0.01	True	(100, 100)	constant	1000	sgd	0.8693950786056048	0.8511059065183897	0.8659974747474749
relu	0.001	True	(100, 100)	constant	500	sgd	0.8693950786056048	0.8511059065183897	0.8659974747474749
relu	0.001	True	(100, 100)	constant	1000	sgd	0.8693950786056048	0.8511059065183897	0.8659974747474749
relu	0.01	True	(100, 100)	constant	500	sgd	0.8693950786056048	0.8511059065183897	0.8659974747474749
relu	0.1	True	(100, 100)	constant	500	sgd	0.8680963773069035	0.8507364483903108	0.8644823232323233
relu	0.1	True	(100, 100)	constant	1000	sgd	0.8680963773069035	0.8507364483903108	0.8644823232323233
relu	0.1	True	(50,)	constant	500	adam	0.8773752563226248	0.8483676375955789	0.8771780303030303
relu	0.1	True	(50,)	adaptive	1000	adam	0.8773752563226248	0.8483676375955789	0.8771780303030303
relu	0.1	True	(50,)	adaptive	500	adam	0.8773752563226248	0.8483676375955789	0.8771780303030303
relu	0.1	True	(50,)	invscaling	1000	adam	0.8773752563226248	0.8483676375955789	0.8771780303030303
relu	0.1	True	(50,)	invscaling	500	adam	0.8773752563226248	0.8483676375955789	0.8771780303030303
relu	0.1	True	(50,)	constant	1000	adam	0.8773752563226248	0.8483676375955789	0.8771780303030303
relu	0.001	True	(50,)	adaptive	1000	sgd	0.8721462747778537	0.8480545777672601	0.8706912878787879
relu	0.001	True	(50,)	adaptive	500	sgd	0.8721462747778537	0.8480545777672601	0.8706912878787879
relu	0.01	True	(50,)	constant	1000	sgd	0.8721462747778537	0.8480545777672601	0.8706912878787879
relu	0.001	True	(50,)	constant	1000	sgd	0.8721462747778537	0.8480545777672601	0.8706912878787879
relu	0.001	True	(50,)	constant	500	sgd	0.8721462747778537	0.8480545777672601	0.8706912878787879
relu	0.01	True	(50,)	constant	500	sgd	0.8721462747778537	0.8480545777672601	0.8706912878787879
relu	0.01	True	(50,)	adaptive	500	sgd	0.8721462747778537	0.8480545777672601	0.8706912878787879
relu	0.01	True	(50,)	adaptive	1000	sgd	0.8721462747778537	0.8480545777672601	0.8706912878787879
relu	0.1	True	(100,)	adaptive	1000	sgd	0.8720779220779221	0.8460656319944245	0.8710637626262626
relu	0.1	True	(100,)	constant	500	sgd	0.8720779220779221	0.8460656319944245	0.8710637626262626
relu	0.001	True	(100,)	adaptive	500	sgd	0.8720779220779221	0.8460656319944245	0.8710637626262626
relu	0.01	True	(100,)	constant	500	sgd	0.8720779220779221	0.8460656319944245	0.8710637626262626
relu	0.001	True	(100,)	adaptive	1000	sgd	0.8720779220779221	0.8460656319944245	0.8710637626262626
relu	0.01	True	(100,)	adaptive	500	sgd	0.8720779220779221	0.8460656319944245	0.8710637626262626
relu	0.001	True	(100,)	constant	500	sgd	0.8720779220779221	0.8460656319944245	0.8710637626262626
relu	0.1	True	(100,)	adaptive	500	sgd	0.8720779220779221	0.8460656319944245	0.8710637626262626
relu	0.01	True	(100,)	constant	1000	sgd	0.8720779220779221	0.8460656319944245	0.8710637626262626
relu	0.001	True	(100,)	constant	1000	sgd	0.8720779220779221	0.8460656319944245	0.8710637626262626
relu	0.01	True	(100,)	adaptive	1000	sgd	0.8720779220779221	0.8460656319944245	0.8710637626262626
relu	0.1	True	(100,)	constant	1000	sgd	0.8720779220779221	0.8460656319944245	0.8710637626262626
relu	0.01	True	(50, 50)	adaptive	1000	sgd	0.8615857826384143	0.8400596407762093	0.8597948232323231
relu	0.01	True	(50, 50)	adaptive	500	sgd	0.8615857826384143	0.8400596407762093	0.8597948232323231
relu	0.001	True	(50, 50)	adaptive	1000	sgd	0.8615857826384143	0.8400596407762093	0.8597948232323231
relu	0.001	True	(50, 50)	adaptive	500	sgd	0.8615857826384143	0.8400596407762093	0.8597948232323231
relu	0.1	True	(50, 50)	adaptive	500	sgd	0.8602870813397129	0.8395861559277243	0.8582323232323231
relu	0.1	True	(50, 50)	adaptive	1000	sgd	0.8602870813397129	0.8395861559277243	0.8582323232323231
identity	0.1	True	(100, 100)	adaptive	500	sgd	0.8642173615857827	0.8367949600306661	0.8632796717171717
identity	0.01	True	(100, 100)	adaptive	500	sgd	0.8642173615857827	0.8367949600306661	0.8632796717171717
identity	0.01	True	(100, 100)	adaptive	1000	sgd	0.8642173615857827	0.8367949600306661	0.8632796717171717
identity	0.001	True	(100, 100)	adaptive	1000	sgd	0.8642173615857827	0.8367949600306661	0.8632796717171717
identity	0.1	True	(100, 100)	adaptive	1000	sgd	0.8642173615857827	0.8367949600306661	0.8632796717171717
identity	0.001	True	(100, 100)	adaptive	500	sgd	0.8642173615857827	0.8367949600306661	0.8632796717171717
tanh	0.1	True	(100,)	adaptive	1000	sgd	0.857740943267259	0.8365724555286314	0.853901515151515
tanh	0.1	True	(100,)	adaptive	500	sgd	0.857740943267259	0.8365724555286314	0.853901515151515
relu	0.001	True	(50, 50)	constant	500	sgd	0.8563226247436774	0.8355020467449311	0.8539709595959597
relu	0.01	True	(50, 50)	constant	1000	sgd	0.8563226247436774	0.8355020467449311	0.8539709595959597
relu	0.001	True	(50, 50)	constant	1000	sgd	0.8563226247436774	0.8355020467449311	0.8539709595959597
relu	0.01	True	(50, 50)	constant	500	sgd	0.8563226247436774	0.8355020467449311	0.8539709595959597
relu	0.1	True	(50, 50)	constant	500	sgd	0.8550239234449762	0.8350285618964461	0.8524084595959597
relu	0.1	True	(50, 50)	constant	1000	sgd	0.8550239234449762	0.8350285618964461	0.8524084595959597
tanh	0.001	True	(100,)	adaptive	1000	sgd	0.8564422419685578	0.8339877852969023	0.8527904040404038
tanh	0.01	True	(100,)	adaptive	500	sgd	0.8564422419685578	0.8339877852969023	0.8527904040404038
tanh	0.001	True	(100,)	adaptive	500	sgd	0.8564422419685578	0.8339877852969023	0.8527904040404038
tanh	0.01	True	(100,)	adaptive	1000	sgd	0.8564422419685578	0.8339877852969023	0.8527904040404038
identity	0.1	True	(100, 100)	constant	1000	sgd	0.8589542036910458	0.8326545414165635	0.857455808080808
identity	0.001	True	(100, 100)	constant	500	sgd	0.8589542036910458	0.8326545414165635	0.857455808080808
identity	0.001	True	(100, 100)	constant	1000	sgd	0.8589542036910458	0.8326545414165635	0.857455808080808
identity	0.01	True	(100, 100)	constant	1000	sgd	0.8589542036910458	0.8326545414165635	0.857455808080808
identity	0.1	True	(100, 100)	constant	500	sgd	0.8589542036910458	0.8326545414165635	0.857455808080808
identity	0.01	True	(100, 100)	constant	500	sgd	0.8589542036910458	0.8326545414165635	0.857455808080808
tanh	0.1	True	(100,)	constant	500	sgd	0.8473342447026658	0.8241773713688414	0.8436553030303031
tanh	0.1	True	(100,)	constant	1000	sgd	0.8473342447026658	0.8241773713688414	0.8436553030303031
tanh	0.001	True	(100,)	constant	1000	sgd	0.8460355434039645	0.8215927011371124	0.842544191919192
tanh	0.01	True	(100,)	constant	500	sgd	0.8460355434039645	0.8215927011371124	0.842544191919192
tanh	0.01	True	(100,)	constant	1000	sgd	0.8460355434039645	0.8215927011371124	0.842544191919192
tanh	0.001	True	(100,)	constant	500	sgd	0.8460355434039645	0.8215927011371124	0.842544191919192
identity	0.01	True	(50,)	invscaling	1000	sgd	0.773051948051948	0.8026709401709402	0.7536963383838383
identity	0.001	True	(50,)	invscaling	1000	sgd	0.773051948051948	0.8026709401709402	0.7536963383838383
identity	0.001	True	(50,)	invscaling	500	sgd	0.773051948051948	0.8026709401709402	0.7536963383838383
identity	0.1	True	(50,)	invscaling	500	sgd	0.773051948051948	0.8026709401709402	0.7536963383838383
identity	0.01	True	(50,)	invscaling	500	sgd	0.773051948051948	0.8026709401709402	0.7536963383838383
identity	0.1	True	(50,)	invscaling	1000	sgd	0.773051948051948	0.8026709401709402	0.7536963383838383
tanh	0.1	True	(50,)	adaptive	1000	sgd	0.8080997949419002	0.780864491120053	0.8027967171717172
tanh	0.1	True	(50,)	adaptive	500	sgd	0.8080997949419002	0.780864491120053	0.8027967171717172
tanh	0.01	True	(50,)	adaptive	1000	sgd	0.8003075871496923	0.772848850846348	0.7943244949494951
tanh	0.001	True	(50,)	adaptive	1000	sgd	0.8003075871496923	0.772848850846348	0.7943244949494951
tanh	0.001	True	(50,)	adaptive	500	sgd	0.8003075871496923	0.772848850846348	0.7943244949494951
tanh	0.01	True	(50,)	adaptive	500	sgd	0.8003075871496923	0.772848850846348	0.7943244949494951
tanh	0.001	True	(50, 50)	adaptive	500	sgd	0.7964798359535201	0.770722217185199	0.7898642676767678
tanh	0.001	True	(50, 50)	adaptive	1000	sgd	0.7964798359535201	0.770722217185199	0.7898642676767678
tanh	0.001	True	(50, 50)	constant	500	sgd	0.795164046479836	0.7701540353670171	0.7883017676767677
tanh	0.001	True	(50, 50)	constant	1000	sgd	0.795164046479836	0.7701540353670171	0.7883017676767677
identity	0.01	True	(100,)	invscaling	500	sgd	0.804272043745728	0.7688617874500226	0.8001988636363636
identity	0.001	True	(100,)	invscaling	1000	sgd	0.804272043745728	0.7688617874500226	0.8001988636363636
identity	0.01	True	(100,)	invscaling	1000	sgd	0.804272043745728	0.7688617874500226	0.8001988636363636
identity	0.001	True	(100,)	invscaling	500	sgd	0.804272043745728	0.7688617874500226	0.8001988636363636
identity	0.1	True	(100,)	invscaling	500	sgd	0.804272043745728	0.7688617874500226	0.8001988636363636
identity	0.1	True	(100,)	invscaling	1000	sgd	0.804272043745728	0.7688617874500226	0.8001988636363636
tanh	0.01	True	(50, 50)	adaptive	1000	sgd	0.7925837320574163	0.7651350959730777	0.7860795454545454
tanh	0.01	True	(50, 50)	adaptive	500	sgd	0.7925837320574163	0.7651350959730777	0.7860795454545454
tanh	0.1	True	(100, 100)	adaptive	1000	sgd	0.7949931647300068	0.7627700294064457	0.7899305555555556
tanh	0.001	True	(100, 100)	adaptive	1000	sgd	0.7949931647300068	0.7627700294064457	0.7899305555555556
tanh	0.01	True	(100, 100)	adaptive	1000	sgd	0.7949931647300068	0.7627700294064457	0.7899305555555556
tanh	0.001	True	(100, 100)	adaptive	500	sgd	0.7949931647300068	0.7627700294064457	0.7899305555555556
tanh	0.1	True	(100, 100)	adaptive	500	sgd	0.7949931647300068	0.7627700294064457	0.7899305555555556
tanh	0.01	True	(100, 100)	adaptive	500	sgd	0.7949931647300068	0.7627700294064457	0.7899305555555556
identity	0.01	True	(100, 100)	invscaling	1000	sgd	0.8068010936431989	0.7622900729699585	0.8070675505050504
identity	0.01	True	(100, 100)	invscaling	500	sgd	0.8068010936431989	0.7622900729699585	0.8070675505050504
identity	0.001	True	(100, 100)	invscaling	1000	sgd	0.8068010936431989	0.7622900729699585	0.8070675505050504
identity	0.001	True	(100, 100)	invscaling	500	sgd	0.8068010936431989	0.7622900729699585	0.8070675505050504
identity	0.1	True	(100, 100)	invscaling	1000	sgd	0.8068010936431989	0.7622900729699585	0.8070675505050504
identity	0.1	True	(100, 100)	invscaling	500	sgd	0.8068010936431989	0.7622900729699585	0.8070675505050504
tanh	0.01	True	(50, 50)	constant	1000	sgd	0.7873718386876282	0.7607790353670171	0.7802809343434343
tanh	0.01	True	(50, 50)	constant	500	sgd	0.7873718386876282	0.7607790353670171	0.7802809343434343
tanh	0.1	True	(50, 50)	adaptive	1000	sgd	0.7886363636363637	0.760654299387018	0.7822443181818182
tanh	0.1	True	(50, 50)	adaptive	500	sgd	0.7886363636363637	0.760654299387018	0.7822443181818182
identity	0.001	True	(50, 50)	invscaling	1000	sgd	0.8251537935748463	0.7593268104113851	0.8330397727272727
identity	0.001	True	(50, 50)	invscaling	500	sgd	0.8251537935748463	0.7593268104113851	0.8330397727272727
identity	0.1	True	(50, 50)	invscaling	1000	sgd	0.8251537935748463	0.7593268104113851	0.8330397727272727
identity	0.01	True	(50, 50)	invscaling	1000	sgd	0.8251537935748463	0.7593268104113851	0.8330397727272727
identity	0.01	True	(50, 50)	invscaling	500	sgd	0.8251537935748463	0.7593268104113851	0.8330397727272727
identity	0.1	True	(50, 50)	invscaling	500	sgd	0.8251537935748463	0.7593268104113851	0.8330397727272727
tanh	0.1	True	(50, 50)	constant	1000	sgd	0.7834244702665755	0.7562982387809574	0.776445707070707
tanh	0.1	True	(50, 50)	constant	500	sgd	0.7834244702665755	0.7562982387809574	0.776445707070707
tanh	0.1	True	(100, 100)	constant	500	sgd	0.787200956937799	0.7503969420333582	0.7831376262626264
tanh	0.001	True	(100, 100)	constant	1000	sgd	0.787200956937799	0.7503969420333582	0.7831376262626264
tanh	0.01	True	(100, 100)	constant	1000	sgd	0.787200956937799	0.7503969420333582	0.7831376262626264
tanh	0.01	True	(100, 100)	constant	500	sgd	0.787200956937799	0.7503969420333582	0.7831376262626264
tanh	0.001	True	(100, 100)	constant	500	sgd	0.787200956937799	0.7503969420333582	0.7831376262626264
tanh	0.1	True	(100, 100)	constant	1000	sgd	0.787200956937799	0.7503969420333582	0.7831376262626264
tanh	0.01	True	(50,)	constant	1000	sgd	0.7834073820915927	0.747721886633177	0.7778945707070708
tanh	0.01	True	(50,)	constant	500	sgd	0.7834073820915927	0.747721886633177	0.7778945707070708
tanh	0.001	True	(50,)	constant	500	sgd	0.7834073820915927	0.747721886633177	0.7778945707070708
tanh	0.001	True	(50,)	constant	1000	sgd	0.7834073820915927	0.747721886633177	0.7778945707070708
tanh	0.1	True	(50,)	constant	500	sgd	0.7821086807928913	0.7464398353511257	0.7763794191919193
tanh	0.1	True	(50,)	constant	1000	sgd	0.7821086807928913	0.7464398353511257	0.7763794191919193
relu	0.1	True	(50,)	invscaling	1000	sgd	0.6998632946001366	0.6584931897975377	0.6882544191919192
relu	0.01	True	(50,)	invscaling	1000	sgd	0.6998632946001366	0.6584931897975377	0.6882544191919192
relu	0.001	True	(50,)	invscaling	500	sgd	0.6998632946001366	0.6584931897975377	0.6882544191919192
relu	0.01	True	(50,)	invscaling	500	sgd	0.6998632946001366	0.6584931897975377	0.6882544191919192
relu	0.1	True	(50,)	invscaling	500	sgd	0.6998632946001366	0.6584931897975377	0.6882544191919192
relu	0.001	True	(50,)	invscaling	1000	sgd	0.6998632946001366	0.6584931897975377	0.6882544191919192
relu	0.01	True	(100,)	invscaling	1000	sgd	0.7012303485987696	0.6212201610526566	0.7100915404040403
relu	0.1	True	(100,)	invscaling	500	sgd	0.7012303485987696	0.6212201610526566	0.7100915404040403
relu	0.001	True	(100,)	invscaling	1000	sgd	0.7012303485987696	0.6212201610526566	0.7100915404040403
relu	0.01	True	(100,)	invscaling	500	sgd	0.7012303485987696	0.6212201610526566	0.7100915404040403
relu	0.1	True	(100,)	invscaling	1000	sgd	0.7012303485987696	0.6212201610526566	0.7100915404040403
relu	0.001	True	(100,)	invscaling	500	sgd	0.7012303485987696	0.6212201610526566	0.7100915404040403
relu	0.001	True	(50, 50)	invscaling	500	sgd	0.5667634996582366	0.5071654918898525	0.5595801767676768
relu	0.001	True	(50, 50)	invscaling	1000	sgd	0.5667634996582366	0.5071654918898525	0.5595801767676768
relu	0.01	True	(50, 50)	invscaling	500	sgd	0.5667634996582366	0.5071654918898525	0.5595801767676768
relu	0.1	True	(50, 50)	invscaling	1000	sgd	0.5667634996582366	0.5071654918898525	0.5595801767676768
relu	0.01	True	(50, 50)	invscaling	1000	sgd	0.5667634996582366	0.5071654918898525	0.5595801767676768
relu	0.1	True	(50, 50)	invscaling	500	sgd	0.5667634996582366	0.5071654918898525	0.5595801767676768
tanh	0.1	True	(100,)	invscaling	1000	sgd	0.5326555023923445	0.4608773862406032	0.5452651515151515
tanh	0.001	True	(100,)	invscaling	1000	sgd	0.5326555023923445	0.4608773862406032	0.5452651515151515
tanh	0.1	True	(100,)	invscaling	500	sgd	0.5326555023923445	0.4608773862406032	0.5452651515151515
tanh	0.001	True	(100,)	invscaling	500	sgd	0.5326555023923445	0.4608773862406032	0.5452651515151515
tanh	0.01	True	(100,)	invscaling	500	sgd	0.5326555023923445	0.4608773862406032	0.5452651515151515
tanh	0.01	True	(100,)	invscaling	1000	sgd	0.5326555023923445	0.4608773862406032	0.5452651515151515
logistic	0.01	True	(50,)	invscaling	1000	sgd	0.515909090909091	0.45526169120045656	0.5424242424242424
logistic	0.1	True	(50,)	invscaling	500	sgd	0.515909090909091	0.45526169120045656	0.5424242424242424
logistic	0.1	True	(50,)	invscaling	1000	sgd	0.515909090909091	0.45526169120045656	0.5424242424242424
logistic	0.001	True	(50,)	invscaling	1000	sgd	0.515909090909091	0.45526169120045656	0.5424242424242424
logistic	0.01	True	(50,)	invscaling	500	sgd	0.515909090909091	0.45526169120045656	0.5424242424242424
logistic	0.001	True	(50,)	invscaling	500	sgd	0.515909090909091	0.45526169120045656	0.5424242424242424
relu	0.1	True	(100, 100)	invscaling	1000	sgd	0.5249829118250171	0.45379810067768833	0.5356912878787878
relu	0.01	True	(100, 100)	invscaling	500	sgd	0.5249829118250171	0.45379810067768833	0.5356912878787878
relu	0.001	True	(100, 100)	invscaling	1000	sgd	0.5249829118250171	0.45379810067768833	0.5356912878787878
relu	0.001	True	(100, 100)	invscaling	500	sgd	0.5249829118250171	0.45379810067768833	0.5356912878787878
relu	0.1	True	(100, 100)	invscaling	500	sgd	0.5249829118250171	0.45379810067768833	0.5356912878787878
relu	0.01	True	(100, 100)	invscaling	1000	sgd	0.5249829118250171	0.45379810067768833	0.5356912878787878
tanh	0.1	True	(50,)	invscaling	500	sgd	0.5106288448393711	0.45322805831844437	0.5387563131313131
tanh	0.01	True	(50,)	invscaling	1000	sgd	0.5106288448393711	0.45322805831844437	0.5387563131313131
tanh	0.01	True	(50,)	invscaling	500	sgd	0.5106288448393711	0.45322805831844437	0.5387563131313131
tanh	0.001	True	(50,)	invscaling	1000	sgd	0.5106288448393711	0.45322805831844437	0.5387563131313131
tanh	0.001	True	(50,)	invscaling	500	sgd	0.5106288448393711	0.45322805831844437	0.5387563131313131
tanh	0.1	True	(50,)	invscaling	1000	sgd	0.5106288448393711	0.45322805831844437	0.5387563131313131
tanh	0.001	True	(100, 100)	invscaling	1000	sgd	0.5104408749145591	0.42510190223899896	0.5009659090909091
tanh	0.01	True	(100, 100)	invscaling	500	sgd	0.5104408749145591	0.42510190223899896	0.5009659090909091
tanh	0.001	True	(100, 100)	invscaling	500	sgd	0.5104408749145591	0.42510190223899896	0.5009659090909091
tanh	0.1	True	(100, 100)	invscaling	1000	sgd	0.5104408749145591	0.42510190223899896	0.5009659090909091
tanh	0.1	True	(100, 100)	invscaling	500	sgd	0.5104408749145591	0.42510190223899896	0.5009659090909091
tanh	0.01	True	(100, 100)	invscaling	1000	sgd	0.5104408749145591	0.42510190223899896	0.5009659090909091
logistic	0.001	True	(100,)	invscaling	1000	sgd	0.5327067669172932	0.42360053586652047	0.501199494949495
logistic	0.01	True	(100,)	invscaling	1000	sgd	0.5327067669172932	0.42360053586652047	0.501199494949495
logistic	0.1	True	(100,)	invscaling	500	sgd	0.5327067669172932	0.42360053586652047	0.501199494949495
logistic	0.1	True	(100,)	invscaling	1000	sgd	0.5327067669172932	0.42360053586652047	0.501199494949495
logistic	0.001	True	(100,)	invscaling	500	sgd	0.5327067669172932	0.42360053586652047	0.501199494949495
logistic	0.01	True	(100,)	invscaling	500	sgd	0.5327067669172932	0.42360053586652047	0.501199494949495
tanh	0.01	True	(50, 50)	invscaling	1000	sgd	0.5028195488721805	0.4123618777427094	0.4883964646464646
tanh	0.01	True	(50, 50)	invscaling	500	sgd	0.5028195488721805	0.4123618777427094	0.4883964646464646
tanh	0.1	True	(50, 50)	invscaling	1000	sgd	0.5028195488721805	0.4123618777427094	0.4883964646464646
tanh	0.001	True	(50, 50)	invscaling	500	sgd	0.5028195488721805	0.4123618777427094	0.4883964646464646
tanh	0.1	True	(50, 50)	invscaling	500	sgd	0.5028195488721805	0.4123618777427094	0.4883964646464646
tanh	0.001	True	(50, 50)	invscaling	1000	sgd	0.5028195488721805	0.4123618777427094	0.4883964646464646
logistic	0.1	True	(100, 100)	adaptive	500	sgd	0.5770334928229666	0.0	0.5
logistic	0.1	True	(100, 100)	adaptive	1000	sgd	0.5770334928229666	0.0	0.5
logistic	0.01	True	(50, 50)	invscaling	1000	sgd	0.5770334928229666	0.0	0.5
logistic	0.01	True	(100, 100)	constant	500	sgd	0.5770334928229666	0.0	0.5
logistic	0.001	True	(100, 100)	invscaling	500	sgd	0.5770334928229666	0.0	0.5
logistic	0.001	True	(100, 100)	constant	500	sgd	0.5770334928229666	0.0	0.5
logistic	0.01	True	(50, 50)	adaptive	1000	sgd	0.5770334928229666	0.0	0.5
logistic	0.001	True	(100, 100)	constant	1000	sgd	0.5770334928229666	0.0	0.5
logistic	0.001	True	(50, 50)	adaptive	1000	sgd	0.5770334928229666	0.0	0.5
logistic	0.1	True	(100, 100)	invscaling	1000	sgd	0.5770334928229666	0.0	0.5
logistic	0.1	True	(100, 100)	constant	500	sgd	0.5770334928229666	0.0	0.5
logistic	0.1	True	(100, 100)	invscaling	500	sgd	0.5770334928229666	0.0	0.5
logistic	0.1	True	(50, 50)	invscaling	500	sgd	0.5770334928229666	0.0	0.5
logistic	0.01	True	(50, 50)	constant	500	sgd	0.5770334928229666	0.0	0.5
logistic	0.001	True	(50, 50)	constant	1000	sgd	0.5770334928229666	0.0	0.5
logistic	0.001	True	(100, 100)	adaptive	1000	sgd	0.5770334928229666	0.0	0.5
logistic	0.01	True	(100, 100)	invscaling	1000	sgd	0.5770334928229666	0.0	0.5
logistic	0.001	True	(50, 50)	invscaling	500	sgd	0.5770334928229666	0.0	0.5
logistic	0.01	True	(100, 100)	invscaling	500	sgd	0.5770334928229666	0.0	0.5
logistic	0.1	True	(50, 50)	constant	500	sgd	0.5770334928229666	0.0	0.5
logistic	0.01	True	(100, 100)	constant	1000	sgd	0.5770334928229666	0.0	0.5
logistic	0.1	True	(50, 50)	constant	1000	sgd	0.5770334928229666	0.0	0.5
logistic	0.001	True	(50, 50)	invscaling	1000	sgd	0.5770334928229666	0.0	0.5
logistic	0.1	True	(50, 50)	invscaling	1000	sgd	0.5770334928229666	0.0	0.5
logistic	0.01	True	(50, 50)	invscaling	500	sgd	0.5770334928229666	0.0	0.5
logistic	0.001	True	(50, 50)	adaptive	500	sgd	0.5770334928229666	0.0	0.5
logistic	0.01	True	(100, 100)	adaptive	500	sgd	0.5770334928229666	0.0	0.5
logistic	0.1	True	(50, 50)	adaptive	500	sgd	0.5770334928229666	0.0	0.5
logistic	0.001	True	(100, 100)	adaptive	500	sgd	0.5770334928229666	0.0	0.5
logistic	0.1	True	(50, 50)	adaptive	1000	sgd	0.5770334928229666	0.0	0.5
logistic	0.01	True	(100, 100)	adaptive	1000	sgd	0.5770334928229666	0.0	0.5
logistic	0.001	True	(100, 100)	invscaling	1000	sgd	0.5770334928229666	0.0	0.5
logistic	0.001	True	(50, 50)	constant	500	sgd	0.5770334928229666	0.0	0.5
logistic	0.01	True	(50, 50)	constant	1000	sgd	0.5770334928229666	0.0	0.5
logistic	0.1	True	(100, 100)	constant	1000	sgd	0.5770334928229666	0.0	0.5
logistic	0.01	True	(50, 50)	adaptive	500	sgd	0.5770334928229666	0.0	0.5
