colsample_bytree	eval_metric	gamma	learning_rate	max_depth	min_child_weight	n_estimators	objective	subsample	mean_valid_accuracy	mean_valid_precision	mean_valid_auc
0.5	error	0	0.01	6	1	200	binary:logitraw	1.0	0.9748114630467573	0.9913043478260869	0.9723422379719231
0.5	auc	0	0.01	6	1	200	binary:logitraw	1.0	0.9748114630467573	0.9913043478260869	0.9723422379719231
0.5	error	0	0.01	8	1	200	binary:logitraw	1.0	0.9728506787330318	0.9911067193675891	0.9700695106991958
0.5	auc	0	0.01	8	1	200	binary:logitraw	1.0	0.9728506787330318	0.9911067193675891	0.9700695106991958
0.5	auc	0	0.01	4	1	600	binary:logitraw	1.0	0.9728506787330315	0.9869565217391305	0.9706181000408887
0.5	error	0	0.01	4	1	600	binary:logitraw	1.0	0.9728506787330315	0.9869565217391305	0.9706181000408887
1.0	auc	0	0.01	6	1	600	binary:logitraw	0.5	0.9708898944193061	0.9867588932806326	0.9683453727681612
0.5	auc	0	0.01	4	1	200	binary:logitraw	1.0	0.9708898944193061	0.9867588932806326	0.9683453727681612
0.5	error	0	0.01	6	1	600	binary:logitraw	0.5	0.9650452488687783	0.9867588932806326	0.9616260051792285
1.0	error	0	0.01	6	1	600	binary:logitraw	0.5	0.9708898944193061	0.9867588932806326	0.9683453727681612
0.5	error	0	0.01	4	1	200	binary:logitraw	1.0	0.9708898944193061	0.9867588932806326	0.9683453727681612
1.0	error	0	0.01	8	1	600	binary:logitraw	0.5	0.9708898944193061	0.9867588932806326	0.9683453727681612
1.0	auc	0	0.01	8	1	600	binary:logitraw	0.5	0.9708898944193061	0.9867588932806326	0.9683453727681612
0.5	auc	0	0.01	6	1	600	binary:logitraw	0.5	0.9650452488687783	0.9867588932806326	0.9616260051792285
0.5	auc	0	0.01	8	1	600	binary:logitraw	0.5	0.9630844645550528	0.9865612648221346	0.9593532779065013
0.5	error	0	0.01	8	1	600	binary:logitraw	0.5	0.9630844645550528	0.9865612648221346	0.9593532779065013
0.5	auc	0	0.01	8	1	600	binary:logitraw	1.0	0.9728506787330315	0.9829710144927537	0.9711666893825814
0.5	error	0	0.01	6	1	600	binary:logitraw	1.0	0.9728506787330315	0.9829710144927537	0.9711666893825814
0.5	error	0	0.01	6	1	1000	binary:logitraw	0.5	0.9728129713423831	0.9829710144927537	0.9710678751533324
0.5	auc	0	0.01	8	1	1000	binary:logitraw	0.5	0.9708898944193061	0.9829710144927537	0.9688939621098541
0.5	auc	0	0.01	6	1	1000	binary:logitraw	0.5	0.9728129713423831	0.9829710144927537	0.9710678751533324
0.5	error	0	0.01	8	1	600	binary:logitraw	1.0	0.9728506787330315	0.9829710144927537	0.9711666893825814
0.5	auc	0	0.01	6	1	600	binary:logitraw	1.0	0.9728506787330315	0.9829710144927537	0.9711666893825814
0.5	error	0	0.01	8	1	1000	binary:logitraw	0.5	0.9708898944193061	0.9829710144927537	0.9688939621098541
0.5	error	0	0.01	4	1	1000	binary:logitraw	1.0	0.9708898944193061	0.9829710144927537	0.9688939621098541
0.5	auc	0	0.01	4	1	1000	binary:logitraw	1.0	0.9708898944193061	0.9829710144927537	0.9688939621098541
1.0	error	0	0.01	4	1	600	binary:logitraw	0.5	0.9669683257918551	0.9827733860342557	0.9643485075643996
1.0	auc	0	0.01	4	1	600	binary:logitraw	0.5	0.9669683257918551	0.9827733860342557	0.9643485075643996
1.0	error	0	0.01	8	1	1000	binary:logitraw	0.5	0.9708521870286576	0.982608695652174	0.9687951478806051
1.0	auc	0	0.01	6	1	1000	binary:logitraw	0.5	0.9708521870286576	0.982608695652174	0.9687951478806051
1.0	auc	0	0.01	8	1	1000	binary:logitraw	0.5	0.9708521870286576	0.982608695652174	0.9687951478806051
0.5	error	0	0.01	4	1	600	binary:logitraw	0.5	0.9630844645550528	0.982608695652174	0.9599018672481942
1.0	auc	0	0.01	4	1	1000	binary:logitraw	0.5	0.9689291101055806	0.982608695652174	0.9666212348371269
1.0	error	0	0.01	6	1	1000	binary:logitraw	0.5	0.9708521870286576	0.982608695652174	0.9687951478806051
0.5	error	0	0.01	6	1	1000	binary:logitraw	1.0	0.9708898944193061	0.982608695652174	0.9688939621098541
0.5	auc	0	0.01	6	1	1000	binary:logitraw	1.0	0.9708898944193061	0.982608695652174	0.9688939621098541
0.5	auc	0	0.01	4	1	600	binary:logitraw	0.5	0.9630844645550528	0.982608695652174	0.9599018672481942
0.5	auc	0	0.01	4	1	1000	binary:logitraw	0.5	0.9689291101055806	0.982608695652174	0.9666212348371269
0.5	error	0	0.01	8	1	1000	binary:logitraw	1.0	0.9708898944193061	0.982608695652174	0.9688939621098541
1.0	error	0	0.01	4	1	1000	binary:logitraw	0.5	0.9689291101055806	0.982608695652174	0.9666212348371269
0.5	auc	0	0.01	8	1	1000	binary:logitraw	1.0	0.9708898944193061	0.982608695652174	0.9688939621098541
0.5	error	0	0.01	4	1	1000	binary:logitraw	0.5	0.9689291101055806	0.982608695652174	0.9666212348371269
0.5	auc	0	0.01	8	1	200	binary:logitraw	0.5	0.9591628959276018	0.9819969885187279	0.9553564127027394
0.5	error	0	0.01	8	1	200	binary:logitraw	0.5	0.9591628959276018	0.9819969885187279	0.9553564127027394
0.5	error	0	0.01	6	1	200	binary:logitraw	0.5	0.9591628959276018	0.9819969885187279	0.9553564127027394
0.5	auc	0	0.01	6	1	200	binary:logitraw	0.5	0.9591628959276018	0.9819969885187279	0.9553564127027394
1.0	error	0	0.01	4	1	600	binary:logitraw	1.0	0.9728129713423831	0.9784255599472991	0.9716164644950253
1.0	auc	0	0.01	4	1	600	binary:logitraw	1.0	0.9728129713423831	0.9784255599472991	0.9716164644950253
1.0	error	0	0.2	6	1	600	binary:logitraw	1.0	0.9649698340874812	0.9778656126482212	0.9625255554041161
1.0	auc	0	0.2	6	1	600	binary:logitraw	1.0	0.9649698340874812	0.9778656126482212	0.9625255554041161
0.5	auc	0	0.01	6	3	1000	binary:logitraw	1.0	0.9630467571644041	0.9776679841897232	0.9603516423606377
0.5	auc	0	0.01	8	3	1000	binary:logitraw	1.0	0.9630467571644041	0.9776679841897232	0.9603516423606377
0.5	error	0	0.01	4	3	1000	binary:logitraw	1.0	0.9630467571644041	0.9776679841897232	0.9603516423606377
0.5	auc	0	0.01	4	3	1000	binary:logitraw	1.0	0.9630467571644041	0.9776679841897232	0.9603516423606377
0.5	error	0	0.01	8	3	1000	binary:logitraw	1.0	0.9630467571644041	0.9776679841897232	0.9603516423606377
0.5	error	0	0.01	6	3	1000	binary:logitraw	1.0	0.9630467571644041	0.9776679841897232	0.9603516423606377
0.5	auc	0	0.01	4	1	200	binary:logitraw	0.5	0.9552413273001509	0.9776491624317712	0.9513595474989778
0.5	error	0	0.01	4	1	200	binary:logitraw	0.5	0.9552413273001509	0.9776491624317712	0.9513595474989778
0.5	error	0	0.01	6	3	600	binary:logitraw	1.0	0.9611236802413273	0.9774703557312254	0.9581777293171596
0.5	auc	0	0.01	6	3	600	binary:logitraw	1.0	0.9611236802413273	0.9774703557312254	0.9581777293171596
0.5	auc	0	0.01	4	3	600	binary:logitraw	1.0	0.9611236802413273	0.9774703557312254	0.9581777293171596
0.5	error	0	0.01	4	3	600	binary:logitraw	1.0	0.9611236802413273	0.9774703557312254	0.9581777293171596
0.5	error	0	0.01	8	3	600	binary:logitraw	1.0	0.9611236802413273	0.9774703557312254	0.9581777293171596
0.5	auc	0	0.01	8	3	600	binary:logitraw	1.0	0.9611236802413273	0.9774703557312254	0.9581777293171596
1.0	auc	0	0.2	8	1	200	binary:logitraw	1.0	0.9689291101055806	0.9768910330930792	0.9670710099495707
1.0	error	0	0.2	8	1	200	binary:logitraw	1.0	0.9689291101055806	0.9768910330930792	0.9670710099495707
0.5	error	0	0.01	8	3	200	binary:logitraw	1.0	0.9474358974358974	0.9767993600602297	0.9423674526373176
0.5	error	0	0.01	6	3	200	binary:logitraw	1.0	0.9493589743589744	0.9767993600602297	0.9445413656807959
0.5	auc	0	0.01	6	3	200	binary:logitraw	1.0	0.9493589743589744	0.9767993600602297	0.9445413656807959
0.5	auc	0	0.01	8	3	200	binary:logitraw	1.0	0.9474358974358974	0.9767993600602297	0.9423674526373176
1.0	auc	0	0.01	4	1	1000	binary:logitraw	1.0	0.9688914027149321	0.9740777338603426	0.9676195992912634
1.0	error	0	0.01	4	1	1000	binary:logitraw	1.0	0.9688914027149321	0.9740777338603426	0.9676195992912634
1.0	auc	0	0.2	4	1	200	binary:logitraw	1.0	0.9708144796380089	0.9737154150197629	0.9697935123347416
1.0	error	0	0.2	4	1	200	binary:logitraw	1.0	0.9708144796380089	0.9737154150197629	0.9697935123347416
1.0	auc	0	0.2	6	1	1000	binary:logitraw	1.0	0.9649698340874812	0.9731037078863165	0.9630741447458089
1.0	error	0	0.2	6	1	1000	binary:logitraw	1.0	0.9649698340874812	0.9731037078863165	0.9630741447458089
0.5	auc	0	0.01	4	3	200	binary:logitraw	1.0	0.943552036199095	0.9724515339732731	0.938469401662805
0.5	error	0	0.01	4	3	200	binary:logitraw	1.0	0.943552036199095	0.9724515339732731	0.938469401662805
1.0	error	0	0.01	6	1	600	binary:logitraw	1.0	0.9650452488687783	0.9721755599472992	0.963172958975058
1.0	auc	0	0.01	6	1	600	binary:logitraw	1.0	0.9650452488687783	0.9721755599472992	0.963172958975058
1.0	auc	0	0.01	8	1	1000	binary:logitraw	1.0	0.9670060331825038	0.972175559947299	0.965445686247785
1.0	error	0	0.01	8	1	1000	binary:logitraw	1.0	0.9670060331825038	0.972175559947299	0.965445686247785
1.0	error	0	0.2	6	1	200	binary:logitraw	1.0	0.9650075414781296	0.9719832597070448	0.9630741447458089
1.0	auc	0	0.2	6	1	200	binary:logitraw	1.0	0.9650075414781296	0.9719832597070448	0.9630741447458089
0.5	auc	0	0.2	6	3	200	binary:logitraw	1.0	0.9591251885369532	0.9718910330930791	0.956255962927627
0.5	error	0	0.2	6	3	200	binary:logitraw	1.0	0.9591251885369532	0.9718910330930791	0.956255962927627
1.0	auc	0	0.01	6	1	1000	binary:logitraw	1.0	0.9650452488687783	0.9718132411067193	0.963172958975058
1.0	error	0	0.01	6	1	1000	binary:logitraw	1.0	0.9650452488687783	0.9718132411067193	0.963172958975058
0.5	auc	0	0.2	4	1	200	binary:logitraw	1.0	0.9650075414781296	0.9698945981554677	0.9637215483167507
0.5	error	0	0.2	4	1	200	binary:logitraw	1.0	0.9650075414781296	0.9698945981554677	0.9637215483167507
1.0	auc	0	0.2	4	1	600	binary:logitraw	1.0	0.9688536953242834	0.9697299077733861	0.9680693744037072
1.0	error	0	0.2	4	1	600	binary:logitraw	1.0	0.9688536953242834	0.9697299077733861	0.9680693744037072
1.0	auc	0	0.2	4	1	1000	binary:logitraw	1.0	0.966892911010558	0.96933465085639	0.96579664713098
1.0	error	0	0.2	4	1	1000	binary:logitraw	1.0	0.966892911010558	0.96933465085639	0.96579664713098
0.5	auc	0	0.2	6	1	200	binary:logitraw	1.0	0.9708144796380089	0.9691768948061854	0.9702432874471855
0.5	error	0	0.2	6	1	200	binary:logitraw	1.0	0.9708144796380089	0.9691768948061854	0.9702432874471855
1.0	auc	0	0.2	8	1	600	binary:logitraw	1.0	0.9610482654600302	0.9691182006399398	0.9590772795420472
1.0	auc	0	0.2	8	1	1000	binary:logitraw	1.0	0.9610482654600302	0.9691182006399398	0.9590772795420472
1.0	error	0	0.2	8	1	1000	binary:logitraw	1.0	0.9610482654600302	0.9691182006399398	0.9590772795420472
1.0	error	0	0.2	8	1	600	binary:logitraw	1.0	0.9610482654600302	0.9691182006399398	0.9590772795420472
1.0	auc	0	0.01	8	1	600	binary:logitraw	1.0	0.9630844645550528	0.9681900527009223	0.9614488210440234
1.0	error	0	0.01	8	1	600	binary:logitraw	1.0	0.9630844645550528	0.9681900527009223	0.9614488210440234
0.5	auc	0	0.2	6	1	600	binary:logitraw	0.5	0.9649698340874812	0.9679104711713407	0.9635239198582527
0.5	auc	0	0.2	6	1	1000	binary:logitraw	0.5	0.9649698340874812	0.9679104711713407	0.9635239198582527
0.5	error	0	0.2	6	1	1000	binary:logitraw	0.5	0.9649698340874812	0.9679104711713407	0.9635239198582527
0.5	error	0	0.2	6	1	600	binary:logitraw	0.5	0.9649698340874812	0.9679104711713407	0.9635239198582527
0.5	error	0	0.2	8	3	200	binary:logitraw	1.0	0.9591251885369532	0.9678001240021701	0.9568045522693198
0.5	auc	0	0.2	8	3	200	binary:logitraw	1.0	0.9591251885369532	0.9678001240021701	0.9568045522693198
0.5	error	0	0.01	8	3	200	binary:logitraw	0.5	0.9181372549019609	0.9672687152664269	0.9091215755758485
0.5	auc	0	0.01	4	3	200	binary:logitraw	0.5	0.9181372549019609	0.9672687152664269	0.9091215755758485
0.5	error	0	0.01	4	3	200	binary:logitraw	0.5	0.9181372549019609	0.9672687152664269	0.9091215755758485
0.5	auc	0	0.01	6	3	200	binary:logitraw	0.5	0.9181372549019609	0.9672687152664269	0.9091215755758485
0.5	auc	0	0.01	8	3	200	binary:logitraw	0.5	0.9181372549019609	0.9672687152664269	0.9091215755758485
0.5	error	0	0.01	6	3	200	binary:logitraw	0.5	0.9181372549019609	0.9672687152664269	0.9091215755758485
0.5	error	0	0.2	8	1	1000	binary:logitraw	0.5	0.9591628959276018	0.9672160267268964	0.9569033664985689
0.5	auc	0	0.2	8	1	1000	binary:logitraw	0.5	0.9591628959276018	0.9672160267268964	0.9569033664985689
0.5	auc	0	0.2	8	1	200	binary:logitraw	0.5	0.9572021116138764	0.9671972049689442	0.9546306392258416
0.5	error	0	0.2	8	1	200	binary:logitraw	0.5	0.9572021116138764	0.9671972049689442	0.9546306392258416
0.5	auc	0	0.2	6	1	200	binary:logitraw	0.5	0.9611236802413273	0.9669003701612399	0.959077279542047
0.5	error	0	0.2	6	1	200	binary:logitraw	0.5	0.9611236802413273	0.9669003701612399	0.959077279542047
1.0	error	0	0.01	8	3	1000	binary:logitraw	0.5	0.9513574660633484	0.9665829098437795	0.9479112716369087
0.5	error	0	0.01	6	3	1000	binary:logitraw	0.5	0.9493966817496229	0.9665829098437795	0.9456385443641814
1.0	auc	0	0.01	6	3	1000	binary:logitraw	0.5	0.9513574660633484	0.9665829098437795	0.9479112716369087
0.5	error	0	0.01	8	3	1000	binary:logitraw	0.5	0.9493966817496229	0.9665829098437795	0.9456385443641814
1.0	error	0	0.01	6	3	1000	binary:logitraw	0.5	0.9513574660633484	0.9665829098437795	0.9479112716369087
0.5	auc	0	0.01	4	3	1000	binary:logitraw	0.5	0.9493966817496229	0.9665829098437795	0.9456385443641814
0.5	auc	0	0.01	6	3	1000	binary:logitraw	0.5	0.9493966817496229	0.9665829098437795	0.9456385443641814
1.0	error	0	0.01	4	3	1000	binary:logitraw	0.5	0.9513574660633484	0.9665829098437795	0.9479112716369087
0.5	error	0	0.01	4	3	1000	binary:logitraw	0.5	0.9493966817496229	0.9665829098437795	0.9456385443641814
0.5	auc	0	0.01	8	3	1000	binary:logitraw	0.5	0.9493966817496229	0.9665829098437795	0.9456385443641814
1.0	auc	0	0.01	4	3	1000	binary:logitraw	0.5	0.9513574660633484	0.9665829098437795	0.9479112716369087
1.0	auc	0	0.01	8	3	1000	binary:logitraw	0.5	0.9513574660633484	0.9665829098437795	0.9479112716369087
1.0	error	0	0.01	4	3	1000	binary:logitraw	1.0	0.9611236802413273	0.96632160110421	0.959077279542047
1.0	auc	0	0.01	4	3	1000	binary:logitraw	1.0	0.9611236802413273	0.96632160110421	0.959077279542047
0.5	error	0	0.01	4	3	600	binary:logitraw	0.5	0.9454751131221719	0.9662205910031998	0.9410930898187271
0.5	error	0	0.01	6	3	600	binary:logitraw	0.5	0.9454751131221719	0.9662205910031998	0.9410930898187271
0.5	error	0	0.01	8	3	600	binary:logitraw	0.5	0.9454751131221719	0.9662205910031998	0.9410930898187271
0.5	auc	0	0.01	4	3	600	binary:logitraw	0.5	0.9454751131221719	0.9662205910031998	0.9410930898187271
0.5	auc	0	0.01	6	3	600	binary:logitraw	0.5	0.9454751131221719	0.9662205910031998	0.9410930898187271
0.5	auc	0	0.01	8	3	600	binary:logitraw	0.5	0.9454751131221719	0.9662205910031998	0.9410930898187271
0.5	auc	0	0.2	4	1	600	binary:logitraw	1.0	0.9630467571644041	0.9657444005270092	0.9619974103857162
0.5	error	0	0.2	4	1	600	binary:logitraw	1.0	0.9630467571644041	0.9657444005270092	0.9619974103857162
0.5	error	0	0.2	8	1	200	binary:logitraw	1.0	0.9650075414781296	0.9648910330930791	0.9641713234291945
0.5	error	0	0.2	8	1	600	binary:logitraw	1.0	0.9650075414781296	0.9648910330930791	0.9641713234291945
0.5	error	0	0.2	8	1	1000	binary:logitraw	1.0	0.9650075414781296	0.9648910330930791	0.9641713234291945
0.5	auc	0	0.2	8	1	200	binary:logitraw	1.0	0.9650075414781296	0.9648910330930791	0.9641713234291945
0.5	auc	0	0.2	8	1	600	binary:logitraw	1.0	0.9650075414781296	0.9648910330930791	0.9641713234291945
0.5	auc	0	0.2	8	1	1000	binary:logitraw	1.0	0.9650075414781296	0.9648910330930791	0.9641713234291945
1.0	auc	0	0.2	4	3	1000	binary:logitraw	1.0	0.9571644042232277	0.9632546694567156	0.9550804143382854
1.0	error	0	0.2	4	3	600	binary:logitraw	1.0	0.9591251885369532	0.9632546694567156	0.9573531416110127
1.0	auc	0	0.2	4	3	600	binary:logitraw	1.0	0.9591251885369532	0.9632546694567156	0.9573531416110127
1.0	error	0	0.2	4	3	1000	binary:logitraw	1.0	0.9571644042232277	0.9632546694567156	0.9550804143382854
1.0	auc	0	0.2	8	3	200	binary:logitraw	1.0	0.9591251885369532	0.9631561611538728	0.9572543273817636
1.0	auc	0	0.2	6	3	200	binary:logitraw	1.0	0.9591251885369532	0.9631561611538728	0.9572543273817636
1.0	error	0	0.2	6	3	200	binary:logitraw	1.0	0.9591251885369532	0.9631561611538728	0.9572543273817636
1.0	error	0	0.2	8	3	200	binary:logitraw	1.0	0.9591251885369532	0.9631561611538728	0.9572543273817636
0.5	auc	0	0.2	8	3	600	binary:logitraw	1.0	0.9552413273001509	0.9626705721814417	0.9529065012948073
0.5	error	0	0.2	8	3	600	binary:logitraw	1.0	0.9552413273001509	0.9626705721814417	0.9529065012948073
0.5	auc	0	0.2	6	3	600	binary:logitraw	1.0	0.9532805429864254	0.9622376717485415	0.9506337740220798
0.5	error	0	0.2	6	3	600	binary:logitraw	1.0	0.9532805429864254	0.9622376717485415	0.9506337740220798
1.0	error	0	0.01	8	1	200	binary:logitraw	0.5	0.9513574660633484	0.9615366304624617	0.9483610467493525
1.0	error	0	0.01	6	1	200	binary:logitraw	0.5	0.9513574660633484	0.9615366304624617	0.9483610467493525
1.0	auc	0	0.01	8	1	200	binary:logitraw	0.5	0.9513574660633484	0.9615366304624617	0.9483610467493525
1.0	auc	0	0.01	6	1	200	binary:logitraw	0.5	0.9513574660633484	0.9615366304624617	0.9483610467493525
1.0	error	0	0.01	4	1	200	binary:logitraw	0.5	0.9513574660633484	0.9615366304624617	0.9483610467493525
1.0	auc	0	0.01	4	1	200	binary:logitraw	0.5	0.9513574660633484	0.9615366304624617	0.9483610467493525
0.5	error	0	0.2	4	1	1000	binary:logitraw	1.0	0.9610859728506786	0.9611989459815546	0.9602732724546816
0.5	auc	0	0.2	4	1	1000	binary:logitraw	1.0	0.9610859728506786	0.9611989459815546	0.9602732724546816
1.0	auc	0	0.2	4	1	200	binary:logitraw	0.5	0.9649321266968325	0.9611624020525623	0.9645222843123891
1.0	error	0	0.2	4	1	200	binary:logitraw	0.5	0.9649321266968325	0.9611624020525623	0.9645222843123891
0.5	auc	0	0.2	6	1	600	binary:logitraw	1.0	0.9630090497737557	0.9606723759332454	0.9623483712689109
0.5	error	0	0.2	6	1	600	binary:logitraw	1.0	0.9630090497737557	0.9606723759332454	0.9623483712689109
1.0	auc	0	0.2	4	1	600	binary:logitraw	0.5	0.962971342383107	0.960645933014354	0.9622495570396618
1.0	error	0	0.2	4	1	600	binary:logitraw	0.5	0.962971342383107	0.960645933014354	0.9622495570396618
0.5	error	0	0.2	4	3	200	binary:logitraw	1.0	0.9571266968325792	0.9604747474747473	0.9555301894507291
0.5	auc	0	0.2	4	3	200	binary:logitraw	1.0	0.9571266968325792	0.9604747474747473	0.9555301894507291
1.0	auc	0	0.01	4	3	600	binary:logitraw	0.5	0.943552036199095	0.9597755505364202	0.9393689518876925
1.0	error	0	0.01	8	3	600	binary:logitraw	0.5	0.943552036199095	0.9597755505364202	0.9393689518876925
1.0	auc	0	0.01	6	3	600	binary:logitraw	0.5	0.943552036199095	0.9597755505364202	0.9393689518876925
1.0	error	0	0.01	6	3	600	binary:logitraw	0.5	0.943552036199095	0.9597755505364202	0.9393689518876925
1.0	error	0	0.01	4	3	600	binary:logitraw	0.5	0.943552036199095	0.9597755505364202	0.9393689518876925
1.0	auc	0	0.01	8	3	600	binary:logitraw	0.5	0.943552036199095	0.9597755505364202	0.9393689518876925
0.5	auc	0	0.2	8	3	1000	binary:logitraw	1.0	0.9532805429864254	0.959003905514775	0.9511823633637727
0.5	error	0	0.2	8	3	1000	binary:logitraw	1.0	0.9532805429864254	0.959003905514775	0.9511823633637727
0.5	auc	0	0.2	6	3	1000	binary:logitraw	1.0	0.9513197586726999	0.9585710050818748	0.9489096360910454
0.5	error	0	0.2	6	3	1000	binary:logitraw	1.0	0.9513197586726999	0.9585710050818748	0.9489096360910454
1.0	error	0	0.2	8	1	200	binary:logitraw	0.5	0.9611613876319758	0.958525149190111	0.9602732724546816
1.0	auc	0	0.2	6	1	200	binary:logitraw	0.5	0.9611613876319758	0.958525149190111	0.9602732724546816
1.0	auc	0	0.2	8	1	200	binary:logitraw	0.5	0.9611613876319758	0.958525149190111	0.9602732724546816
1.0	error	0	0.2	6	1	200	binary:logitraw	0.5	0.9611613876319758	0.958525149190111	0.9602732724546816
0.5	error	0	0.2	4	1	200	binary:logitraw	0.5	0.9591628959276018	0.9582235397452787	0.9579017309527054
0.5	auc	0	0.2	4	1	200	binary:logitraw	0.5	0.9591628959276018	0.9582235397452787	0.9579017309527054
1.0	error	0	0.2	4	3	200	binary:logitraw	1.0	0.9552036199095022	0.9579613559590676	0.9532574621780018
1.0	auc	0	0.2	4	3	200	binary:logitraw	1.0	0.9552036199095022	0.9579613559590676	0.9532574621780018
0.5	error	0	0.2	8	1	600	binary:logitraw	0.5	0.9572021116138764	0.9578094610703307	0.9556290036799782
0.5	auc	0	0.2	8	1	600	binary:logitraw	0.5	0.9572021116138764	0.9578094610703307	0.9556290036799782
1.0	error	0	0.2	6	3	600	binary:logitraw	1.0	0.9592006033182503	0.9575699449740371	0.9580005451819545
1.0	auc	0	0.2	8	3	600	binary:logitraw	1.0	0.9592006033182503	0.9575699449740371	0.9580005451819545
1.0	error	0	0.2	8	3	600	binary:logitraw	1.0	0.9592006033182503	0.9575699449740371	0.9580005451819545
1.0	auc	0	0.2	6	3	600	binary:logitraw	1.0	0.9592006033182503	0.9575699449740371	0.9580005451819545
1.0	error	0	0.01	8	3	600	binary:logitraw	1.0	0.9552413273001509	0.957447142229751	0.9533562764072508
1.0	auc	0	0.01	8	3	600	binary:logitraw	1.0	0.9552413273001509	0.957447142229751	0.9533562764072508
1.0	error	0	0.01	8	3	1000	binary:logitraw	1.0	0.9552413273001509	0.9574283204717988	0.953356276407251
1.0	auc	0	0.01	8	3	1000	binary:logitraw	1.0	0.9552413273001509	0.9574283204717988	0.953356276407251
1.0	auc	0	0.01	6	3	1000	binary:logitraw	1.0	0.9552413273001509	0.9574283204717988	0.953356276407251
1.0	error	0	0.01	6	3	1000	binary:logitraw	1.0	0.9552413273001509	0.9574283204717988	0.953356276407251
1.0	auc	0	0.01	6	3	600	binary:logitraw	1.0	0.9532805429864254	0.9570142417968505	0.9510835491345236
1.0	error	0	0.01	6	3	600	binary:logitraw	1.0	0.9532805429864254	0.9570142417968505	0.9510835491345236
1.0	auc	0	0.01	4	3	600	binary:logitraw	1.0	0.9532805429864254	0.9570142417968505	0.9510835491345236
1.0	error	0	0.01	4	3	600	binary:logitraw	1.0	0.9532805429864254	0.9570142417968505	0.9510835491345236
0.5	auc	0	0.2	6	1	1000	binary:logitraw	1.0	0.9610482654600302	0.9561269213877909	0.9606242333378765
0.5	error	0	0.2	6	1	1000	binary:logitraw	1.0	0.9610482654600302	0.9561269213877909	0.9606242333378765
0.5	error	0	0.2	4	1	600	binary:logitraw	0.5	0.9591251885369532	0.9557016156993274	0.9583515060651493
0.5	auc	0	0.2	4	1	600	binary:logitraw	0.5	0.9591251885369532	0.9557016156993274	0.9583515060651493
1.0	error	0	0.2	4	1	1000	binary:logitraw	0.5	0.9591251885369532	0.9553827751196172	0.9583515060651491
1.0	auc	0	0.2	4	1	1000	binary:logitraw	0.5	0.9591251885369532	0.9553827751196172	0.9583515060651491
0.5	error	0	0.2	4	3	600	binary:logitraw	1.0	0.9532805429864254	0.9549191919191917	0.9516321384762163
0.5	auc	0	0.2	4	3	600	binary:logitraw	1.0	0.9532805429864254	0.9549191919191917	0.9516321384762163
1.0	auc	0	0.2	8	1	600	binary:logitraw	0.5	0.9592006033182503	0.9543027529297552	0.9584503202943981
1.0	error	0	0.2	8	1	600	binary:logitraw	0.5	0.9592006033182503	0.9543027529297552	0.9584503202943981
1.0	error	0	0.2	6	1	600	binary:logitraw	0.5	0.9592006033182503	0.9543027529297552	0.9584503202943981
1.0	auc	0	0.2	6	1	600	binary:logitraw	0.5	0.9592006033182503	0.9543027529297552	0.9584503202943981
1.0	error	0	0.2	8	3	1000	binary:logitraw	1.0	0.9572398190045248	0.9539032783073704	0.95627640725092
1.0	auc	0	0.2	8	3	1000	binary:logitraw	1.0	0.9572398190045248	0.9539032783073704	0.95627640725092
1.0	auc	0	0.2	6	3	1000	binary:logitraw	1.0	0.9572398190045248	0.9539032783073704	0.95627640725092
1.0	error	0	0.2	6	3	1000	binary:logitraw	1.0	0.9572398190045248	0.9539032783073704	0.95627640725092
1.0	auc	0	0.2	6	1	1000	binary:logitraw	0.5	0.9572775263951735	0.9530632411067195	0.95627640725092
1.0	auc	0	0.2	8	1	1000	binary:logitraw	0.5	0.9572775263951735	0.9530632411067195	0.95627640725092
1.0	error	0	0.2	8	1	1000	binary:logitraw	0.5	0.9572775263951735	0.9530632411067195	0.95627640725092
1.0	error	0	0.2	6	1	1000	binary:logitraw	0.5	0.9572775263951735	0.9530632411067195	0.95627640725092
0.5	auc	0	0.2	4	1	1000	binary:logitraw	0.5	0.9552413273001509	0.9503737373737374	0.9544534550906366
0.5	error	0	0.2	4	1	1000	binary:logitraw	0.5	0.9552413273001509	0.9503737373737374	0.9544534550906366
0.5	auc	0	0.2	4	3	1000	binary:logitraw	1.0	0.9513197586726999	0.950157287157287	0.9499080005451818
0.5	error	0	0.2	4	3	1000	binary:logitraw	1.0	0.9513197586726999	0.950157287157287	0.9499080005451818
0.5	auc	0	0.2	4	3	200	binary:logitraw	0.5	0.9435897435897436	0.9499094239094239	0.9412123483712691
0.5	error	0	0.2	4	3	200	binary:logitraw	0.5	0.9435897435897436	0.9499094239094239	0.9412123483712691
1.0	auc	0	0.01	4	1	200	binary:logitraw	1.0	0.9532805429864254	0.9494925967752055	0.9521191514632295
1.0	error	0	0.01	4	1	200	binary:logitraw	1.0	0.9532805429864254	0.9494925967752055	0.9521191514632295
1.0	auc	0	0.2	8	3	1000	binary:logitraw	0.5	0.941553544494721	0.9487872421695951	0.9386431784107945
1.0	error	0	0.2	6	3	1000	binary:logitraw	0.5	0.941553544494721	0.9487872421695951	0.9386431784107945
1.0	error	0	0.2	8	3	1000	binary:logitraw	0.5	0.941553544494721	0.9487872421695951	0.9386431784107945
1.0	auc	0	0.2	6	3	1000	binary:logitraw	0.5	0.941553544494721	0.9487872421695951	0.9386431784107945
0.5	error	0	0.2	6	3	200	binary:logitraw	0.5	0.9377073906485671	0.9453639693639694	0.93494275589478
0.5	auc	0	0.2	6	3	200	binary:logitraw	0.5	0.9377073906485671	0.9453639693639694	0.93494275589478
0.5	error	0	0.2	8	3	200	binary:logitraw	0.5	0.9377073906485671	0.9453639693639694	0.93494275589478
0.5	auc	0	0.2	8	3	200	binary:logitraw	0.5	0.9377073906485671	0.9453639693639694	0.93494275589478
1.0	error	0	0.01	8	1	200	binary:logitraw	1.0	0.9493589743589743	0.944949494949495	0.9481222862594677
1.0	auc	0	0.01	6	1	200	binary:logitraw	1.0	0.9493589743589743	0.944949494949495	0.9481222862594677
1.0	auc	0	0.01	8	1	200	binary:logitraw	1.0	0.9493589743589743	0.944949494949495	0.9481222862594677
1.0	error	0	0.01	6	1	200	binary:logitraw	1.0	0.9493589743589743	0.944949494949495	0.9481222862594677
1.0	auc	0	0.2	4	3	200	binary:logitraw	0.5	0.9415912518853695	0.9440064935064936	0.9392905819817365
1.0	error	0	0.2	4	3	200	binary:logitraw	0.5	0.9415912518853695	0.9440064935064936	0.9392905819817365
1.0	error	0	0.2	8	3	200	binary:logitraw	0.5	0.939630467571644	0.9433354978354977	0.9370178547090091
1.0	error	0	0.2	6	3	200	binary:logitraw	0.5	0.939630467571644	0.9433354978354977	0.9370178547090091
1.0	auc	0	0.2	6	3	200	binary:logitraw	0.5	0.939630467571644	0.9433354978354977	0.9370178547090091
1.0	auc	0	0.2	8	3	200	binary:logitraw	0.5	0.939630467571644	0.9433354978354977	0.9370178547090091
1.0	auc	0	0.01	4	3	200	binary:logitraw	1.0	0.9337481146304676	0.9425405311698218	0.9299777059522187
1.0	error	0	0.01	4	3	200	binary:logitraw	1.0	0.9337481146304676	0.9425405311698218	0.9299777059522187
1.0	auc	0	0.01	4	3	200	binary:logitraw	0.5	0.918212669683258	0.9423695354988262	0.9116053174711345
1.0	error	0	0.01	4	3	200	binary:logitraw	0.5	0.918212669683258	0.9423695354988262	0.9116053174711345
1.0	error	0	0.01	6	3	200	binary:logitraw	0.5	0.918212669683258	0.9423695354988262	0.9116053174711345
1.0	auc	0	0.01	8	3	200	binary:logitraw	0.5	0.918212669683258	0.9423695354988262	0.9116053174711345
1.0	error	0	0.01	8	3	200	binary:logitraw	0.5	0.918212669683258	0.9423695354988262	0.9116053174711345
1.0	auc	0	0.01	6	3	200	binary:logitraw	0.5	0.918212669683258	0.9423695354988262	0.9116053174711345
1.0	auc	0	0.2	8	3	600	binary:logitraw	0.5	0.9356334841628959	0.9422741702741704	0.9328233610467495
1.0	auc	0	0.2	6	3	600	binary:logitraw	0.5	0.9356334841628959	0.9422741702741704	0.9328233610467495
1.0	error	0	0.2	8	3	600	binary:logitraw	0.5	0.9356334841628959	0.9422741702741704	0.9328233610467495
1.0	error	0	0.2	6	3	600	binary:logitraw	0.5	0.9356334841628959	0.9422741702741704	0.9328233610467495
0.5	auc	0	0.2	6	3	600	binary:logitraw	0.5	0.9377073906485671	0.9404848484848485	0.9353925310072236
0.5	error	0	0.2	6	3	600	binary:logitraw	0.5	0.9377073906485671	0.9404848484848485	0.9353925310072236
0.5	error	0	0.2	8	3	600	binary:logitraw	0.5	0.9377073906485671	0.9404848484848485	0.9353925310072236
0.5	auc	0	0.2	8	3	600	binary:logitraw	0.5	0.9377073906485671	0.9404848484848485	0.9353925310072236
0.5	auc	0	0.2	4	3	1000	binary:logitraw	0.5	0.9397058823529412	0.9391846414455112	0.9377640725092
0.5	error	0	0.2	4	3	1000	binary:logitraw	0.5	0.9397058823529412	0.9391846414455112	0.9377640725092
1.0	auc	0	0.01	6	3	200	binary:logitraw	1.0	0.9317873303167421	0.9382798795407492	0.9282535680211842
1.0	error	0	0.01	8	3	200	binary:logitraw	1.0	0.9317873303167421	0.9382798795407492	0.9282535680211842
1.0	auc	0	0.01	8	3	200	binary:logitraw	1.0	0.9317873303167421	0.9382798795407492	0.9282535680211842
1.0	error	0	0.01	6	3	200	binary:logitraw	1.0	0.9317873303167421	0.9382798795407492	0.9282535680211842
1.0	auc	0	0.2	4	3	600	binary:logitraw	0.5	0.9375942684766215	0.9377287157287159	0.9356446776611695
1.0	error	0	0.2	4	3	600	binary:logitraw	0.5	0.9375942684766215	0.9377287157287159	0.9356446776611695
1.0	error	0	0.2	4	3	1000	binary:logitraw	0.5	0.9356711915535445	0.936772749415972	0.9334091882630112
1.0	auc	0	0.2	4	3	1000	binary:logitraw	0.5	0.9356711915535445	0.936772749415972	0.9334091882630112
0.5	error	0	0.2	4	3	600	binary:logitraw	0.5	0.9377073906485671	0.9367524070132767	0.9360399345781655
0.5	auc	0	0.2	4	3	600	binary:logitraw	0.5	0.9377073906485671	0.9367524070132767	0.9360399345781655
0.5	error	0	0.2	6	3	1000	binary:logitraw	0.5	0.9396681749622926	0.93533465085639	0.9382138476216438
0.5	error	0	0.2	8	3	1000	binary:logitraw	0.5	0.9396681749622926	0.93533465085639	0.9382138476216438
0.5	auc	0	0.2	8	3	1000	binary:logitraw	0.5	0.9396681749622926	0.93533465085639	0.9382138476216438
0.5	auc	0	0.2	6	3	1000	binary:logitraw	0.5	0.9396681749622926	0.93533465085639	0.9382138476216438
1.0	auc	1000	0.2	8	1	600	binary:logitraw	0.5	0.5655731523378582	0.0	0.5
1.0	auc	1000	0.2	4	3	1000	binary:logitraw	1.0	0.5655731523378582	0.0	0.5
0.5	auc	1000	0.01	4	1	600	binary:logitraw	0.5	0.5655731523378582	0.0	0.5
1.0	auc	1000	0.2	8	1	600	binary:logitraw	1.0	0.5655731523378582	0.0	0.5
0.5	auc	1000	0.01	4	1	200	binary:logitraw	1.0	0.5655731523378582	0.0	0.5
1.0	auc	1000	0.2	6	3	600	binary:logitraw	1.0	0.5655731523378582	0.0	0.5
1.0	auc	1000	0.2	4	3	1000	binary:logitraw	0.5	0.5655731523378582	0.0	0.5
0.5	auc	1000	0.01	4	1	200	binary:logitraw	0.5	0.5655731523378582	0.0	0.5
1.0	auc	1000	0.2	8	1	200	binary:logitraw	1.0	0.5655731523378582	0.0	0.5
1.0	auc	1000	0.2	6	3	200	binary:logitraw	1.0	0.5655731523378582	0.0	0.5
1.0	auc	1000	0.2	4	3	600	binary:logitraw	1.0	0.5655731523378582	0.0	0.5
1.0	auc	1000	0.2	8	1	200	binary:logitraw	0.5	0.5655731523378582	0.0	0.5
1.0	auc	1000	0.2	6	3	1000	binary:logitraw	1.0	0.5655731523378582	0.0	0.5
1.0	auc	1000	0.2	6	3	1000	binary:logitraw	0.5	0.5655731523378582	0.0	0.5
1.0	auc	1000	0.2	4	3	600	binary:logitraw	0.5	0.5655731523378582	0.0	0.5
1.0	auc	1000	0.2	6	3	600	binary:logitraw	0.5	0.5655731523378582	0.0	0.5
0.5	auc	1000	0.01	4	1	600	binary:logitraw	1.0	0.5655731523378582	0.0	0.5
0.5	auc	1000	0.01	4	3	600	binary:logitraw	1.0	0.5655731523378582	0.0	0.5
1.0	auc	1000	0.2	6	1	200	binary:logitraw	0.5	0.5655731523378582	0.0	0.5
0.5	auc	1000	0.01	4	1	1000	binary:logitraw	1.0	0.5655731523378582	0.0	0.5
0.5	auc	1000	0.01	4	3	600	binary:logitraw	0.5	0.5655731523378582	0.0	0.5
1.0	auc	1000	0.2	8	3	1000	binary:logitraw	1.0	0.5655731523378582	0.0	0.5
0.5	auc	1000	0.01	4	3	200	binary:logitraw	1.0	0.5655731523378582	0.0	0.5
1.0	auc	1000	0.2	8	3	1000	binary:logitraw	0.5	0.5655731523378582	0.0	0.5
1.0	auc	1000	0.2	6	1	1000	binary:logitraw	1.0	0.5655731523378582	0.0	0.5
0.5	auc	1000	0.01	4	3	200	binary:logitraw	0.5	0.5655731523378582	0.0	0.5
1.0	auc	1000	0.2	8	3	600	binary:logitraw	1.0	0.5655731523378582	0.0	0.5
1.0	auc	1000	0.2	8	3	600	binary:logitraw	0.5	0.5655731523378582	0.0	0.5
0.5	auc	1000	0.01	4	1	1000	binary:logitraw	0.5	0.5655731523378582	0.0	0.5
0.5	auc	1000	0.01	4	3	1000	binary:logitraw	0.5	0.5655731523378582	0.0	0.5
1.0	auc	1000	0.2	6	1	600	binary:logitraw	1.0	0.5655731523378582	0.0	0.5
1.0	auc	1000	0.2	8	3	200	binary:logitraw	1.0	0.5655731523378582	0.0	0.5
1.0	auc	1000	0.2	6	1	600	binary:logitraw	0.5	0.5655731523378582	0.0	0.5
1.0	auc	1000	0.2	8	3	200	binary:logitraw	0.5	0.5655731523378582	0.0	0.5
1.0	auc	1000	0.2	6	1	200	binary:logitraw	1.0	0.5655731523378582	0.0	0.5
1.0	auc	1000	0.2	8	1	1000	binary:logitraw	1.0	0.5655731523378582	0.0	0.5
1.0	auc	1000	0.2	8	1	1000	binary:logitraw	0.5	0.5655731523378582	0.0	0.5
1.0	auc	1000	0.2	6	3	200	binary:logitraw	0.5	0.5655731523378582	0.0	0.5
1.0	auc	1000	0.2	6	1	1000	binary:logitraw	0.5	0.5655731523378582	0.0	0.5
0.5	auc	1000	0.2	8	3	1000	binary:logitraw	1.0	0.5655731523378582	0.0	0.5
1.0	auc	1000	0.2	4	3	200	binary:logitraw	0.5	0.5655731523378582	0.0	0.5
1.0	error	1000	0.2	4	1	200	binary:logitraw	0.5	0.5655731523378582	0.0	0.5
1.0	error	1000	0.2	6	1	1000	binary:logitraw	0.5	0.5655731523378582	0.0	0.5
1.0	error	1000	0.2	6	1	600	binary:logitraw	1.0	0.5655731523378582	0.0	0.5
1.0	error	1000	0.2	6	1	600	binary:logitraw	0.5	0.5655731523378582	0.0	0.5
1.0	error	1000	0.2	6	1	200	binary:logitraw	1.0	0.5655731523378582	0.0	0.5
1.0	error	1000	0.2	6	1	200	binary:logitraw	0.5	0.5655731523378582	0.0	0.5
1.0	error	1000	0.2	4	3	1000	binary:logitraw	1.0	0.5655731523378582	0.0	0.5
1.0	error	1000	0.2	4	3	1000	binary:logitraw	0.5	0.5655731523378582	0.0	0.5
1.0	error	1000	0.2	4	3	600	binary:logitraw	1.0	0.5655731523378582	0.0	0.5
1.0	error	1000	0.2	4	3	600	binary:logitraw	0.5	0.5655731523378582	0.0	0.5
1.0	error	1000	0.2	4	3	200	binary:logitraw	1.0	0.5655731523378582	0.0	0.5
1.0	error	1000	0.2	4	3	200	binary:logitraw	0.5	0.5655731523378582	0.0	0.5
1.0	error	1000	0.2	4	1	1000	binary:logitraw	1.0	0.5655731523378582	0.0	0.5
1.0	error	1000	0.2	4	1	1000	binary:logitraw	0.5	0.5655731523378582	0.0	0.5
1.0	error	1000	0.2	4	1	600	binary:logitraw	1.0	0.5655731523378582	0.0	0.5
1.0	error	1000	0.2	4	1	600	binary:logitraw	0.5	0.5655731523378582	0.0	0.5
1.0	error	1000	0.2	6	1	1000	binary:logitraw	1.0	0.5655731523378582	0.0	0.5
1.0	error	1000	0.2	6	3	200	binary:logitraw	0.5	0.5655731523378582	0.0	0.5
1.0	error	1000	0.2	6	3	200	binary:logitraw	1.0	0.5655731523378582	0.0	0.5
1.0	error	1000	0.2	8	1	1000	binary:logitraw	0.5	0.5655731523378582	0.0	0.5
1.0	error	1000	0.2	8	3	1000	binary:logitraw	0.5	0.5655731523378582	0.0	0.5
1.0	error	1000	0.2	8	3	600	binary:logitraw	1.0	0.5655731523378582	0.0	0.5
1.0	error	1000	0.2	8	3	600	binary:logitraw	0.5	0.5655731523378582	0.0	0.5
1.0	error	1000	0.2	8	3	200	binary:logitraw	1.0	0.5655731523378582	0.0	0.5
1.0	error	1000	0.2	8	3	200	binary:logitraw	0.5	0.5655731523378582	0.0	0.5
1.0	error	1000	0.2	8	1	1000	binary:logitraw	1.0	0.5655731523378582	0.0	0.5
1.0	error	1000	0.2	8	1	600	binary:logitraw	1.0	0.5655731523378582	0.0	0.5
1.0	error	1000	0.2	6	3	600	binary:logitraw	0.5	0.5655731523378582	0.0	0.5
1.0	error	1000	0.2	8	1	600	binary:logitraw	0.5	0.5655731523378582	0.0	0.5
1.0	error	1000	0.2	8	1	200	binary:logitraw	1.0	0.5655731523378582	0.0	0.5
1.0	error	1000	0.2	8	1	200	binary:logitraw	0.5	0.5655731523378582	0.0	0.5
1.0	error	1000	0.2	6	3	1000	binary:logitraw	1.0	0.5655731523378582	0.0	0.5
1.0	error	1000	0.2	6	3	1000	binary:logitraw	0.5	0.5655731523378582	0.0	0.5
1.0	error	1000	0.2	6	3	600	binary:logitraw	1.0	0.5655731523378582	0.0	0.5
1.0	error	1000	0.2	4	1	200	binary:logitraw	1.0	0.5655731523378582	0.0	0.5
1.0	error	1000	0.01	8	3	1000	binary:logitraw	1.0	0.5655731523378582	0.0	0.5
1.0	error	1000	0.01	4	1	200	binary:logitraw	0.5	0.5655731523378582	0.0	0.5
1.0	error	1000	0.01	8	3	1000	binary:logitraw	0.5	0.5655731523378582	0.0	0.5
1.0	error	1000	0.01	6	1	600	binary:logitraw	1.0	0.5655731523378582	0.0	0.5
1.0	error	1000	0.01	6	1	600	binary:logitraw	0.5	0.5655731523378582	0.0	0.5
1.0	error	1000	0.01	6	1	200	binary:logitraw	1.0	0.5655731523378582	0.0	0.5
1.0	error	1000	0.01	6	1	200	binary:logitraw	0.5	0.5655731523378582	0.0	0.5
1.0	error	1000	0.01	4	3	1000	binary:logitraw	1.0	0.5655731523378582	0.0	0.5
1.0	error	1000	0.01	4	3	1000	binary:logitraw	0.5	0.5655731523378582	0.0	0.5
1.0	error	1000	0.01	4	3	600	binary:logitraw	1.0	0.5655731523378582	0.0	0.5
1.0	error	1000	0.01	4	3	600	binary:logitraw	0.5	0.5655731523378582	0.0	0.5
1.0	error	1000	0.01	4	3	200	binary:logitraw	1.0	0.5655731523378582	0.0	0.5
1.0	error	1000	0.01	4	3	200	binary:logitraw	0.5	0.5655731523378582	0.0	0.5
1.0	error	1000	0.01	4	1	1000	binary:logitraw	1.0	0.5655731523378582	0.0	0.5
1.0	error	1000	0.01	4	1	1000	binary:logitraw	0.5	0.5655731523378582	0.0	0.5
1.0	error	1000	0.01	4	1	600	binary:logitraw	1.0	0.5655731523378582	0.0	0.5
1.0	error	1000	0.01	4	1	600	binary:logitraw	0.5	0.5655731523378582	0.0	0.5
1.0	error	1000	0.01	4	1	200	binary:logitraw	1.0	0.5655731523378582	0.0	0.5
1.0	error	1000	0.01	6	1	1000	binary:logitraw	0.5	0.5655731523378582	0.0	0.5
1.0	error	1000	0.01	6	1	1000	binary:logitraw	1.0	0.5655731523378582	0.0	0.5
1.0	error	1000	0.01	6	3	200	binary:logitraw	0.5	0.5655731523378582	0.0	0.5
1.0	error	1000	0.01	8	1	600	binary:logitraw	1.0	0.5655731523378582	0.0	0.5
1.0	error	1000	0.01	8	3	600	binary:logitraw	1.0	0.5655731523378582	0.0	0.5
1.0	error	1000	0.01	8	3	600	binary:logitraw	0.5	0.5655731523378582	0.0	0.5
1.0	error	1000	0.01	8	3	200	binary:logitraw	1.0	0.5655731523378582	0.0	0.5
1.0	error	1000	0.01	8	3	200	binary:logitraw	0.5	0.5655731523378582	0.0	0.5
1.0	error	1000	0.01	8	1	1000	binary:logitraw	1.0	0.5655731523378582	0.0	0.5
1.0	error	1000	0.01	8	1	1000	binary:logitraw	0.5	0.5655731523378582	0.0	0.5
1.0	error	1000	0.01	8	1	600	binary:logitraw	0.5	0.5655731523378582	0.0	0.5
1.0	error	1000	0.01	6	3	200	binary:logitraw	1.0	0.5655731523378582	0.0	0.5
1.0	error	1000	0.01	8	1	200	binary:logitraw	1.0	0.5655731523378582	0.0	0.5
1.0	error	1000	0.01	8	1	200	binary:logitraw	0.5	0.5655731523378582	0.0	0.5
1.0	error	1000	0.01	6	3	1000	binary:logitraw	1.0	0.5655731523378582	0.0	0.5
1.0	error	1000	0.01	6	3	1000	binary:logitraw	0.5	0.5655731523378582	0.0	0.5
1.0	error	1000	0.01	6	3	600	binary:logitraw	1.0	0.5655731523378582	0.0	0.5
1.0	error	1000	0.01	6	3	600	binary:logitraw	0.5	0.5655731523378582	0.0	0.5
1.0	auc	1000	0.2	4	3	200	binary:logitraw	1.0	0.5655731523378582	0.0	0.5
1.0	auc	1000	0.01	4	3	1000	binary:logitraw	1.0	0.5655731523378582	0.0	0.5
1.0	auc	1000	0.2	4	1	1000	binary:logitraw	1.0	0.5655731523378582	0.0	0.5
0.5	error	1000	0.01	8	1	600	binary:logitraw	0.5	0.5655731523378582	0.0	0.5
0.5	error	1000	0.01	8	3	1000	binary:logitraw	0.5	0.5655731523378582	0.0	0.5
0.5	error	1000	0.01	8	3	600	binary:logitraw	1.0	0.5655731523378582	0.0	0.5
0.5	error	1000	0.01	8	3	600	binary:logitraw	0.5	0.5655731523378582	0.0	0.5
0.5	error	1000	0.01	8	3	200	binary:logitraw	1.0	0.5655731523378582	0.0	0.5
0.5	error	1000	0.01	8	3	200	binary:logitraw	0.5	0.5655731523378582	0.0	0.5
0.5	error	1000	0.01	8	1	1000	binary:logitraw	1.0	0.5655731523378582	0.0	0.5
0.5	error	1000	0.01	8	1	1000	binary:logitraw	0.5	0.5655731523378582	0.0	0.5
0.5	error	1000	0.01	8	1	600	binary:logitraw	1.0	0.5655731523378582	0.0	0.5
0.5	error	1000	0.01	8	1	200	binary:logitraw	1.0	0.5655731523378582	0.0	0.5
0.5	error	1000	0.2	4	1	200	binary:logitraw	0.5	0.5655731523378582	0.0	0.5
0.5	error	1000	0.01	8	1	200	binary:logitraw	0.5	0.5655731523378582	0.0	0.5
0.5	error	1000	0.01	6	3	1000	binary:logitraw	1.0	0.5655731523378582	0.0	0.5
0.5	error	1000	0.01	6	3	1000	binary:logitraw	0.5	0.5655731523378582	0.0	0.5
0.5	error	1000	0.01	6	3	600	binary:logitraw	1.0	0.5655731523378582	0.0	0.5
0.5	error	1000	0.01	6	3	600	binary:logitraw	0.5	0.5655731523378582	0.0	0.5
0.5	error	1000	0.01	6	3	200	binary:logitraw	1.0	0.5655731523378582	0.0	0.5
0.5	error	1000	0.01	6	3	200	binary:logitraw	0.5	0.5655731523378582	0.0	0.5
0.5	error	1000	0.01	6	1	1000	binary:logitraw	1.0	0.5655731523378582	0.0	0.5
0.5	error	1000	0.01	8	3	1000	binary:logitraw	1.0	0.5655731523378582	0.0	0.5
0.5	error	1000	0.2	4	1	200	binary:logitraw	1.0	0.5655731523378582	0.0	0.5
0.5	error	1000	0.01	6	1	600	binary:logitraw	1.0	0.5655731523378582	0.0	0.5
0.5	error	1000	0.2	6	1	200	binary:logitraw	0.5	0.5655731523378582	0.0	0.5
0.5	error	1000	0.2	6	3	600	binary:logitraw	0.5	0.5655731523378582	0.0	0.5
0.5	error	1000	0.2	6	3	200	binary:logitraw	1.0	0.5655731523378582	0.0	0.5
0.5	error	1000	0.2	6	3	200	binary:logitraw	0.5	0.5655731523378582	0.0	0.5
0.5	error	1000	0.2	6	1	1000	binary:logitraw	1.0	0.5655731523378582	0.0	0.5
0.5	error	1000	0.2	6	1	1000	binary:logitraw	0.5	0.5655731523378582	0.0	0.5
0.5	error	1000	0.2	6	1	600	binary:logitraw	1.0	0.5655731523378582	0.0	0.5
0.5	error	1000	0.2	6	1	600	binary:logitraw	0.5	0.5655731523378582	0.0	0.5
0.5	error	1000	0.2	6	1	200	binary:logitraw	1.0	0.5655731523378582	0.0	0.5
0.5	error	1000	0.2	4	3	1000	binary:logitraw	1.0	0.5655731523378582	0.0	0.5
0.5	error	1000	0.2	4	1	600	binary:logitraw	0.5	0.5655731523378582	0.0	0.5
0.5	error	1000	0.2	4	3	1000	binary:logitraw	0.5	0.5655731523378582	0.0	0.5
0.5	error	1000	0.2	4	3	600	binary:logitraw	1.0	0.5655731523378582	0.0	0.5
0.5	error	1000	0.2	4	3	600	binary:logitraw	0.5	0.5655731523378582	0.0	0.5
0.5	error	1000	0.2	4	3	200	binary:logitraw	1.0	0.5655731523378582	0.0	0.5
0.5	error	1000	0.2	4	3	200	binary:logitraw	0.5	0.5655731523378582	0.0	0.5
0.5	error	1000	0.2	4	1	1000	binary:logitraw	1.0	0.5655731523378582	0.0	0.5
0.5	error	1000	0.2	4	1	1000	binary:logitraw	0.5	0.5655731523378582	0.0	0.5
0.5	error	1000	0.2	4	1	600	binary:logitraw	1.0	0.5655731523378582	0.0	0.5
0.5	error	1000	0.01	6	1	1000	binary:logitraw	0.5	0.5655731523378582	0.0	0.5
0.5	error	1000	0.01	6	1	600	binary:logitraw	0.5	0.5655731523378582	0.0	0.5
1.0	auc	1000	0.2	4	1	1000	binary:logitraw	0.5	0.5655731523378582	0.0	0.5
0.5	auc	1000	0.2	8	1	200	binary:logitraw	0.5	0.5655731523378582	0.0	0.5
0.5	auc	1000	0.2	6	1	1000	binary:logitraw	0.5	0.5655731523378582	0.0	0.5
0.5	auc	1000	0.2	6	1	1000	binary:logitraw	1.0	0.5655731523378582	0.0	0.5
0.5	auc	1000	0.2	6	3	200	binary:logitraw	0.5	0.5655731523378582	0.0	0.5
0.5	auc	1000	0.2	6	3	200	binary:logitraw	1.0	0.5655731523378582	0.0	0.5
0.5	auc	1000	0.2	6	3	600	binary:logitraw	0.5	0.5655731523378582	0.0	0.5
0.5	auc	1000	0.2	6	3	600	binary:logitraw	1.0	0.5655731523378582	0.0	0.5
0.5	auc	1000	0.2	6	3	1000	binary:logitraw	0.5	0.5655731523378582	0.0	0.5
0.5	auc	1000	0.2	6	3	1000	binary:logitraw	1.0	0.5655731523378582	0.0	0.5
0.5	auc	1000	0.2	8	1	200	binary:logitraw	1.0	0.5655731523378582	0.0	0.5
0.5	auc	1000	0.2	6	1	600	binary:logitraw	0.5	0.5655731523378582	0.0	0.5
0.5	auc	1000	0.2	8	1	600	binary:logitraw	0.5	0.5655731523378582	0.0	0.5
0.5	auc	1000	0.2	8	1	600	binary:logitraw	1.0	0.5655731523378582	0.0	0.5
0.5	auc	1000	0.2	8	1	1000	binary:logitraw	0.5	0.5655731523378582	0.0	0.5
0.5	auc	1000	0.2	8	1	1000	binary:logitraw	1.0	0.5655731523378582	0.0	0.5
0.5	auc	1000	0.2	8	3	200	binary:logitraw	0.5	0.5655731523378582	0.0	0.5
0.5	auc	1000	0.2	8	3	200	binary:logitraw	1.0	0.5655731523378582	0.0	0.5
0.5	auc	1000	0.2	8	3	600	binary:logitraw	0.5	0.5655731523378582	0.0	0.5
0.5	auc	1000	0.2	8	3	600	binary:logitraw	1.0	0.5655731523378582	0.0	0.5
0.5	auc	1000	0.2	6	1	600	binary:logitraw	1.0	0.5655731523378582	0.0	0.5
0.5	auc	1000	0.2	6	1	200	binary:logitraw	1.0	0.5655731523378582	0.0	0.5
0.5	error	1000	0.01	6	1	200	binary:logitraw	1.0	0.5655731523378582	0.0	0.5
0.5	error	1000	0.01	4	1	1000	binary:logitraw	0.5	0.5655731523378582	0.0	0.5
0.5	error	1000	0.01	6	1	200	binary:logitraw	0.5	0.5655731523378582	0.0	0.5
0.5	error	1000	0.01	4	3	1000	binary:logitraw	1.0	0.5655731523378582	0.0	0.5
0.5	error	1000	0.01	4	3	1000	binary:logitraw	0.5	0.5655731523378582	0.0	0.5
0.5	error	1000	0.01	4	3	600	binary:logitraw	1.0	0.5655731523378582	0.0	0.5
0.5	error	1000	0.01	4	3	600	binary:logitraw	0.5	0.5655731523378582	0.0	0.5
0.5	error	1000	0.01	4	3	200	binary:logitraw	1.0	0.5655731523378582	0.0	0.5
0.5	error	1000	0.01	4	3	200	binary:logitraw	0.5	0.5655731523378582	0.0	0.5
0.5	error	1000	0.01	4	1	1000	binary:logitraw	1.0	0.5655731523378582	0.0	0.5
0.5	error	1000	0.01	4	1	600	binary:logitraw	1.0	0.5655731523378582	0.0	0.5
0.5	auc	1000	0.2	6	1	200	binary:logitraw	0.5	0.5655731523378582	0.0	0.5
0.5	error	1000	0.01	4	1	600	binary:logitraw	0.5	0.5655731523378582	0.0	0.5
0.5	error	1000	0.01	4	1	200	binary:logitraw	1.0	0.5655731523378582	0.0	0.5
0.5	error	1000	0.01	4	1	200	binary:logitraw	0.5	0.5655731523378582	0.0	0.5
0.5	auc	1000	0.2	4	3	200	binary:logitraw	1.0	0.5655731523378582	0.0	0.5
0.5	auc	1000	0.2	4	3	600	binary:logitraw	0.5	0.5655731523378582	0.0	0.5
0.5	auc	1000	0.2	4	3	600	binary:logitraw	1.0	0.5655731523378582	0.0	0.5
0.5	auc	1000	0.2	4	3	1000	binary:logitraw	0.5	0.5655731523378582	0.0	0.5
0.5	auc	1000	0.2	4	3	1000	binary:logitraw	1.0	0.5655731523378582	0.0	0.5
0.5	error	1000	0.2	6	3	600	binary:logitraw	1.0	0.5655731523378582	0.0	0.5
0.5	error	1000	0.2	6	3	1000	binary:logitraw	0.5	0.5655731523378582	0.0	0.5
0.5	error	1000	0.2	6	3	1000	binary:logitraw	1.0	0.5655731523378582	0.0	0.5
1.0	auc	1000	0.01	4	3	600	binary:logitraw	1.0	0.5655731523378582	0.0	0.5
1.0	auc	1000	0.01	6	1	1000	binary:logitraw	1.0	0.5655731523378582	0.0	0.5
1.0	auc	1000	0.01	6	1	1000	binary:logitraw	0.5	0.5655731523378582	0.0	0.5
1.0	auc	1000	0.01	6	1	600	binary:logitraw	1.0	0.5655731523378582	0.0	0.5
1.0	auc	1000	0.01	6	1	600	binary:logitraw	0.5	0.5655731523378582	0.0	0.5
1.0	auc	1000	0.01	6	1	200	binary:logitraw	1.0	0.5655731523378582	0.0	0.5
1.0	auc	1000	0.01	6	1	200	binary:logitraw	0.5	0.5655731523378582	0.0	0.5
0.5	auc	1000	0.2	8	3	1000	binary:logitraw	0.5	0.5655731523378582	0.0	0.5
1.0	auc	1000	0.01	4	3	1000	binary:logitraw	0.5	0.5655731523378582	0.0	0.5
1.0	auc	1000	0.01	4	3	600	binary:logitraw	0.5	0.5655731523378582	0.0	0.5
1.0	auc	1000	0.01	6	3	200	binary:logitraw	1.0	0.5655731523378582	0.0	0.5
1.0	auc	1000	0.01	4	3	200	binary:logitraw	1.0	0.5655731523378582	0.0	0.5
1.0	auc	1000	0.01	4	3	200	binary:logitraw	0.5	0.5655731523378582	0.0	0.5
1.0	auc	1000	0.01	4	1	1000	binary:logitraw	1.0	0.5655731523378582	0.0	0.5
1.0	auc	1000	0.01	4	1	1000	binary:logitraw	0.5	0.5655731523378582	0.0	0.5
1.0	auc	1000	0.01	4	1	600	binary:logitraw	1.0	0.5655731523378582	0.0	0.5
1.0	auc	1000	0.01	4	1	600	binary:logitraw	0.5	0.5655731523378582	0.0	0.5
1.0	auc	1000	0.01	4	1	200	binary:logitraw	1.0	0.5655731523378582	0.0	0.5
1.0	auc	1000	0.01	4	1	200	binary:logitraw	0.5	0.5655731523378582	0.0	0.5
1.0	auc	1000	0.01	6	3	200	binary:logitraw	0.5	0.5655731523378582	0.0	0.5
1.0	auc	1000	0.01	6	3	600	binary:logitraw	0.5	0.5655731523378582	0.0	0.5
0.5	error	1000	0.2	8	1	200	binary:logitraw	0.5	0.5655731523378582	0.0	0.5
1.0	auc	1000	0.01	8	3	200	binary:logitraw	1.0	0.5655731523378582	0.0	0.5
1.0	auc	1000	0.2	4	1	600	binary:logitraw	1.0	0.5655731523378582	0.0	0.5
1.0	auc	1000	0.2	4	1	600	binary:logitraw	0.5	0.5655731523378582	0.0	0.5
1.0	auc	1000	0.2	4	1	200	binary:logitraw	1.0	0.5655731523378582	0.0	0.5
1.0	auc	1000	0.2	4	1	200	binary:logitraw	0.5	0.5655731523378582	0.0	0.5
1.0	auc	1000	0.01	8	3	1000	binary:logitraw	1.0	0.5655731523378582	0.0	0.5
1.0	auc	1000	0.01	8	3	1000	binary:logitraw	0.5	0.5655731523378582	0.0	0.5
1.0	auc	1000	0.01	8	3	600	binary:logitraw	1.0	0.5655731523378582	0.0	0.5
1.0	auc	1000	0.01	8	3	600	binary:logitraw	0.5	0.5655731523378582	0.0	0.5
1.0	auc	1000	0.01	8	3	200	binary:logitraw	0.5	0.5655731523378582	0.0	0.5
1.0	auc	1000	0.01	6	3	600	binary:logitraw	1.0	0.5655731523378582	0.0	0.5
1.0	auc	1000	0.01	8	1	1000	binary:logitraw	1.0	0.5655731523378582	0.0	0.5
1.0	auc	1000	0.01	8	1	1000	binary:logitraw	0.5	0.5655731523378582	0.0	0.5
1.0	auc	1000	0.01	8	1	600	binary:logitraw	1.0	0.5655731523378582	0.0	0.5
1.0	auc	1000	0.01	8	1	600	binary:logitraw	0.5	0.5655731523378582	0.0	0.5
1.0	auc	1000	0.01	8	1	200	binary:logitraw	1.0	0.5655731523378582	0.0	0.5
1.0	auc	1000	0.01	8	1	200	binary:logitraw	0.5	0.5655731523378582	0.0	0.5
1.0	auc	1000	0.01	6	3	1000	binary:logitraw	1.0	0.5655731523378582	0.0	0.5
1.0	auc	1000	0.01	6	3	1000	binary:logitraw	0.5	0.5655731523378582	0.0	0.5
0.5	auc	1000	0.01	4	3	1000	binary:logitraw	1.0	0.5655731523378582	0.0	0.5
0.5	auc	1000	0.01	6	1	200	binary:logitraw	0.5	0.5655731523378582	0.0	0.5
0.5	auc	1000	0.01	6	1	200	binary:logitraw	1.0	0.5655731523378582	0.0	0.5
0.5	error	1000	0.2	8	3	1000	binary:logitraw	0.5	0.5655731523378582	0.0	0.5
0.5	auc	1000	0.2	4	1	200	binary:logitraw	0.5	0.5655731523378582	0.0	0.5
0.5	auc	1000	0.2	4	1	200	binary:logitraw	1.0	0.5655731523378582	0.0	0.5
0.5	auc	1000	0.2	4	1	600	binary:logitraw	0.5	0.5655731523378582	0.0	0.5
0.5	auc	1000	0.2	4	1	600	binary:logitraw	1.0	0.5655731523378582	0.0	0.5
0.5	auc	1000	0.2	4	1	1000	binary:logitraw	0.5	0.5655731523378582	0.0	0.5
0.5	auc	1000	0.2	4	1	1000	binary:logitraw	1.0	0.5655731523378582	0.0	0.5
0.5	auc	1000	0.2	4	3	200	binary:logitraw	0.5	0.5655731523378582	0.0	0.5
0.5	error	1000	0.2	8	3	1000	binary:logitraw	1.0	0.5655731523378582	0.0	0.5
0.5	error	1000	0.2	8	3	600	binary:logitraw	1.0	0.5655731523378582	0.0	0.5
0.5	auc	1000	0.01	6	1	600	binary:logitraw	0.5	0.5655731523378582	0.0	0.5
0.5	error	1000	0.2	8	3	600	binary:logitraw	0.5	0.5655731523378582	0.0	0.5
0.5	error	1000	0.2	8	3	200	binary:logitraw	1.0	0.5655731523378582	0.0	0.5
0.5	error	1000	0.2	8	3	200	binary:logitraw	0.5	0.5655731523378582	0.0	0.5
0.5	error	1000	0.2	8	1	1000	binary:logitraw	1.0	0.5655731523378582	0.0	0.5
0.5	error	1000	0.2	8	1	1000	binary:logitraw	0.5	0.5655731523378582	0.0	0.5
0.5	error	1000	0.2	8	1	600	binary:logitraw	1.0	0.5655731523378582	0.0	0.5
0.5	error	1000	0.2	8	1	600	binary:logitraw	0.5	0.5655731523378582	0.0	0.5
0.5	error	1000	0.2	8	1	200	binary:logitraw	1.0	0.5655731523378582	0.0	0.5
0.5	auc	1000	0.01	8	3	1000	binary:logitraw	1.0	0.5655731523378582	0.0	0.5
0.5	auc	1000	0.01	8	3	1000	binary:logitraw	0.5	0.5655731523378582	0.0	0.5
0.5	auc	1000	0.01	8	3	600	binary:logitraw	1.0	0.5655731523378582	0.0	0.5
0.5	auc	1000	0.01	8	3	600	binary:logitraw	0.5	0.5655731523378582	0.0	0.5
0.5	auc	1000	0.01	6	1	600	binary:logitraw	1.0	0.5655731523378582	0.0	0.5
0.5	auc	1000	0.01	6	1	1000	binary:logitraw	0.5	0.5655731523378582	0.0	0.5
0.5	auc	1000	0.01	6	1	1000	binary:logitraw	1.0	0.5655731523378582	0.0	0.5
0.5	auc	1000	0.01	6	3	200	binary:logitraw	0.5	0.5655731523378582	0.0	0.5
0.5	auc	1000	0.01	6	3	200	binary:logitraw	1.0	0.5655731523378582	0.0	0.5
0.5	auc	1000	0.01	6	3	600	binary:logitraw	0.5	0.5655731523378582	0.0	0.5
0.5	auc	1000	0.01	6	3	600	binary:logitraw	1.0	0.5655731523378582	0.0	0.5
0.5	auc	1000	0.01	6	3	1000	binary:logitraw	0.5	0.5655731523378582	0.0	0.5
0.5	auc	1000	0.01	6	3	1000	binary:logitraw	1.0	0.5655731523378582	0.0	0.5
0.5	auc	1000	0.01	8	1	200	binary:logitraw	0.5	0.5655731523378582	0.0	0.5
0.5	auc	1000	0.01	8	1	200	binary:logitraw	1.0	0.5655731523378582	0.0	0.5
0.5	auc	1000	0.01	8	1	600	binary:logitraw	0.5	0.5655731523378582	0.0	0.5
0.5	auc	1000	0.01	8	1	600	binary:logitraw	1.0	0.5655731523378582	0.0	0.5
0.5	auc	1000	0.01	8	1	1000	binary:logitraw	0.5	0.5655731523378582	0.0	0.5
0.5	auc	1000	0.01	8	1	1000	binary:logitraw	1.0	0.5655731523378582	0.0	0.5
0.5	auc	1000	0.01	8	3	200	binary:logitraw	0.5	0.5655731523378582	0.0	0.5
0.5	auc	1000	0.01	8	3	200	binary:logitraw	1.0	0.5655731523378582	0.0	0.5
1.0	error	1000	0.2	8	3	1000	binary:logitraw	1.0	0.5655731523378582	0.0	0.5
